slug,target_url
/en/southern-cabbage-and-bacon-skillet/,https://schnellrezept.com/en/southern-cabbage-and-bacon-skillet/
/en/homemade-nutter-butter-cookies/,https://schnellrezept.com/en/homemade-nutter-butter-cookies/
/en/slow-cooker-chicken-veggie-stew/,https://schnellrezept.com/en/slow-cooker-chicken-veggie-stew/
/en/italian-cream-cake-using-cake-mix/,https://schnellrezept.com/en/italian-cream-cake-using-cake-mix/
/en/cheesy-beef-taco-spaghetti/,https://schnellrezept.com/en/cheesy-beef-taco-spaghetti/
/en/carrot-loaf-cream-cheese-ribbon/,https://schnellrezept.com/en/carrot-loaf-cream-cheese-ribbon/
/en/french-dip-beef-biscuits/,https://schnellrezept.com/en/french-dip-beef-biscuits/
/en/slow-cooker-beef-stroganoff/,https://schnellrezept.com/en/slow-cooker-beef-stroganoff/
/en/pork-chops-scalloped-potatoes-casserole/,https://schnellrezept.com/en/pork-chops-scalloped-potatoes-casserole/
/en/chicken-taco-casserole/,https://schnellrezept.com/en/chicken-taco-casserole/
/en/beef-and-macaroni-soup/,https://schnellrezept.com/en/beef-and-macaroni-soup/
/en/beef-and-cabbage-stir-fry/,https://schnellrezept.com/en/beef-and-cabbage-stir-fry/
/en/fried-potatoes-onions-and-smoke-polish-sausage/,https://schnellrezept.com/en/fried-potatoes-onions-and-smoke-polish-sausage/
/en/chunky-cucumber-salsa/,https://schnellrezept.com/en/chunky-cucumber-salsa/
/en/savory-turkey-cranberry-stuffing-bites/,https://schnellrezept.com/en/savory-turkey-cranberry-stuffing-bites/
/en/chicken-salad-recipe/,https://schnellrezept.com/en/chicken-salad-recipe/
/en/caramelized-cinnamon-bananas/,https://schnellrezept.com/en/caramelized-cinnamon-bananas/
/en/ritz-smores-cookies/,https://schnellrezept.com/en/ritz-smores-cookies/
/en/soft-chocolate-chip-cake-bars/,https://schnellrezept.com/en/soft-chocolate-chip-cake-bars/
/en/chocolate-covered-butterfinger-truffle-bites/,https://schnellrezept.com/en/chocolate-covered-butterfinger-truffle-bites/
/en/chicken-cordon-bleu-roll-loaf/,https://schnellrezept.com/en/chicken-cordon-bleu-roll-loaf/
/en/3-ingredient-pan-fried-halloumi/,https://schnellrezept.com/en/3-ingredient-pan-fried-halloumi/
/en/pepperoni-pizza-crescent-rolls/,https://schnellrezept.com/en/pepperoni-pizza-crescent-rolls/
/en/cherry-chocolate-chewy-cookies/,https://schnellrezept.com/en/cherry-chocolate-chewy-cookies/
/en/copycat-texas-roadhouse-smothered-chicken/,https://schnellrezept.com/en/copycat-texas-roadhouse-smothered-chicken/
/en/ground-beef-mini-hand-pies/,https://schnellrezept.com/en/ground-beef-mini-hand-pies/
/en/cotton-candy-cookies/,https://schnellrezept.com/en/cotton-candy-cookies/
/en/amish-peanut-butter-cream-pie/,https://schnellrezept.com/en/amish-peanut-butter-cream-pie/
/en/cheeseburger-loaded-french-fry-bake/,https://schnellrezept.com/en/cheeseburger-loaded-french-fry-bake/
/en/homemade-chinese-egg-rolls/,https://schnellrezept.com/en/homemade-chinese-egg-rolls/
/en/chicken-parmesan-meatloaf-marinara/,https://schnellrezept.com/en/chicken-parmesan-meatloaf-marinara/
/en/stuffed-cabbage-rolls/,https://schnellrezept.com/en/stuffed-cabbage-rolls/
/en/double-crust-graham-cheesecake/,https://schnellrezept.com/en/double-crust-graham-cheesecake/
/en/oklahoma-nut-candy/,https://schnellrezept.com/en/oklahoma-nut-candy/
/en/western-omelet-quiche/,https://schnellrezept.com/en/western-omelet-quiche/
/en/tex-mex-beef-bake/,https://schnellrezept.com/en/tex-mex-beef-bake/
/en/golden-sausage-blanket-rolls/,https://schnellrezept.com/en/golden-sausage-blanket-rolls/
/en/raspberry-zinger-poke-cake/,https://schnellrezept.com/en/raspberry-zinger-poke-cake/
/en/southwest-taco-pasta-salad/,https://schnellrezept.com/en/southwest-taco-pasta-salad/
/en/depression-era-water-pie/,https://schnellrezept.com/en/depression-era-water-pie/
/en/apple-fritters/,https://schnellrezept.com/en/apple-fritters/
/en/sweet-tangy-macaroni-mix/,https://schnellrezept.com/en/sweet-tangy-macaroni-mix/
/en/apple-pecan-cake-caramel-glaze/,https://schnellrezept.com/en/apple-pecan-cake-caramel-glaze/
/en/soft-lemon-oatmeal-cookies/,https://schnellrezept.com/en/soft-lemon-oatmeal-cookies/
/en/mississippi-mud-pie/,https://schnellrezept.com/en/mississippi-mud-pie/
/en/bacon-gravy-pork-chops/,https://schnellrezept.com/en/bacon-gravy-pork-chops/
/en/potato-tacos-with-green-chilies/,https://schnellrezept.com/en/potato-tacos-with-green-chilies/
/en/chocolate-zucchini-brownies/,https://schnellrezept.com/en/chocolate-zucchini-brownies/
/en/crazy-good-casserole/,https://schnellrezept.com/en/crazy-good-casserole/
/en/fluffy-coconut-cloud-sheet-cake/,https://schnellrezept.com/en/fluffy-coconut-cloud-sheet-cake/
/en/peanut-butter-filled-brookies/,https://schnellrezept.com/en/peanut-butter-filled-brookies/
/en/buttery-golden-cornbread/,https://schnellrezept.com/en/buttery-golden-cornbread/
/en/cherry-angel-cake-dessert-bars/,https://schnellrezept.com/en/cherry-angel-cake-dessert-bars/
/en/zesty-packet-pot-roast/,https://schnellrezept.com/en/zesty-packet-pot-roast/
/en/slow-cooker-cowboy-casserole/,https://schnellrezept.com/en/slow-cooker-cowboy-casserole/
/en/herbed-zucchini-tomato-quiche/,https://schnellrezept.com/en/herbed-zucchini-tomato-quiche/
/en/baked-egg-cheese-spread/,https://schnellrezept.com/en/baked-egg-cheese-spread/
/en/cherry-snowball-cookies/,https://schnellrezept.com/en/cherry-snowball-cookies/
/en/smoked-sausage-cheesy-potato-casserole/,https://schnellrezept.com/en/smoked-sausage-cheesy-potato-casserole/
/en/classic-beef-and-bean-chili/,https://schnellrezept.com/en/classic-beef-and-bean-chili/
/en/pineapple-bread/,https://schnellrezept.com/en/pineapple-bread/
/en/apple-zucchini-loaf-with-brown-sugar-glaze/,https://schnellrezept.com/en/apple-zucchini-loaf-with-brown-sugar-glaze/
/en/honey-mustard-glazed-chops/,https://schnellrezept.com/en/honey-mustard-glazed-chops/
/en/chewy-chocolate-chip-cookies/,https://schnellrezept.com/en/chewy-chocolate-chip-cookies/
/en/savory-cream-cheese-crescents/,https://schnellrezept.com/en/savory-cream-cheese-crescents/
/en/crispy-chocolate-peanut-butter-haystacks/,https://schnellrezept.com/en/crispy-chocolate-peanut-butter-haystacks/
/en/creamy-kielbasa-skillet-pasta/,https://schnellrezept.com/en/creamy-kielbasa-skillet-pasta/
/en/cinnamon-roll-french-toast-bites/,https://schnellrezept.com/en/cinnamon-roll-french-toast-bites/
/en/hawaiian-cheesecake-salad/,https://schnellrezept.com/en/hawaiian-cheesecake-salad/
/en/creamed-chipped-beef-on-toast/,https://schnellrezept.com/en/creamed-chipped-beef-on-toast/
/en/cheesy-sausage-biscuit-casserole/,https://schnellrezept.com/en/cheesy-sausage-biscuit-casserole/
/en/southern-roadhouse-barbecue-ribs/,https://schnellrezept.com/en/southern-roadhouse-barbecue-ribs/
/en/hersheys-cocoa-fudge/,https://schnellrezept.com/en/hersheys-cocoa-fudge/
/en/mac-and-cheesetopped-meatloaf/,https://schnellrezept.com/en/mac-and-cheesetopped-meatloaf/
/en/amish-slow-cooked-pot-roast/,https://schnellrezept.com/en/amish-slow-cooked-pot-roast/
/en/cheesy-baked-spaghetti-layers/,https://schnellrezept.com/en/cheesy-baked-spaghetti-layers/
/en/bacon-stuffed-jalapeno-poppers/,https://schnellrezept.com/en/bacon-stuffed-jalapeno-poppers/
/en/gooey-butter-bars-dessert-squares/,https://schnellrezept.com/en/gooey-butter-bars-dessert-squares/
/en/amish-cornbread-with-sour-cream/,https://schnellrezept.com/en/amish-cornbread-with-sour-cream/
/en/layered-chocolate-pecan-delight/,https://schnellrezept.com/en/layered-chocolate-pecan-delight/
/en/garlic-butter-beef-pasta/,https://schnellrezept.com/en/garlic-butter-beef-pasta/
/en/brown-sugar-pineapple-ham-bake/,https://schnellrezept.com/en/brown-sugar-pineapple-ham-bake/
/en/no-bake-cream-cheese-lemon-pie/,https://schnellrezept.com/en/no-bake-cream-cheese-lemon-pie/
/en/tangy-cream-coleslaw-copycat/,https://schnellrezept.com/en/tangy-cream-coleslaw-copycat/
/en/apple-pie-biscuits/,https://schnellrezept.com/en/apple-pie-biscuits/
/en/hersheys-chocolate-cake/,https://schnellrezept.com/en/hersheys-chocolate-cake/
/en/beef-lo-mein-noodles/,https://schnellrezept.com/en/beef-lo-mein-noodles/
/en/mini-bacon-and-cheese-balls/,https://schnellrezept.com/en/mini-bacon-and-cheese-balls/
/en/slow-cooker-bacon-scalloped-potatoes/,https://schnellrezept.com/en/slow-cooker-bacon-scalloped-potatoes/
/en/orange-creamsicle-salad/,https://schnellrezept.com/en/orange-creamsicle-salad/
/en/amish-green-bean-bake/,https://schnellrezept.com/en/amish-green-bean-bake/
/en/tender-italian-beef-meatballs/,https://schnellrezept.com/en/tender-italian-beef-meatballs/
/en/chili-cheese-enchiladas/,https://schnellrezept.com/en/chili-cheese-enchiladas/
/en/broccoli-apple-crunch-salad/,https://schnellrezept.com/en/broccoli-apple-crunch-salad/
/en/carrot-cake-cupcakes/,https://schnellrezept.com/en/carrot-cake-cupcakes/
/en/garlic-brown-sugar-chicken/,https://schnellrezept.com/en/garlic-brown-sugar-chicken/
/en/tex-mex-beef-pasta-shells/,https://schnellrezept.com/en/tex-mex-beef-pasta-shells/
/en/pico-de-gallo-salsa/,https://schnellrezept.com/en/pico-de-gallo-salsa/
/en/toasted-patty-melt-secret-sauce/,https://schnellrezept.com/en/toasted-patty-melt-secret-sauce/
/en/samoa-truffles/,https://schnellrezept.com/en/samoa-truffles/
/en/triple-ingredient-cool-whip-chocolates/,https://schnellrezept.com/en/triple-ingredient-cool-whip-chocolates/
/en/sausage-in-pancakes/,https://schnellrezept.com/en/sausage-in-pancakes/
/en/classic-peanut-butter-cookies/,https://schnellrezept.com/en/classic-peanut-butter-cookies/
/en/carrot-cake-cream-cheese-filled-cookies/,https://schnellrezept.com/en/carrot-cake-cream-cheese-filled-cookies/
/en/sausage-french-toast-roll-ups/,https://schnellrezept.com/en/sausage-french-toast-roll-ups/
/en/no-bake-salted-caramel-pretzel-bars/,https://schnellrezept.com/en/no-bake-salted-caramel-pretzel-bars/
/en/cheesy-sausage-pancake-breakfast-muffins/,https://schnellrezept.com/en/cheesy-sausage-pancake-breakfast-muffins/
/en/old-fashioned-onion-patties/,https://schnellrezept.com/en/old-fashioned-onion-patties/
/en/slow-cooker-amish-christmas-ham/,https://schnellrezept.com/en/slow-cooker-amish-christmas-ham/
/en/cheddar-sausage-toasts/,https://schnellrezept.com/en/cheddar-sausage-toasts/
/en/creamy-mixed-vegetable-bowl/,https://schnellrezept.com/en/creamy-mixed-vegetable-bowl/
/en/buttermilk-blueberry-breakfast-cake/,https://schnellrezept.com/en/buttermilk-blueberry-breakfast-cake/
/en/pizza-grilled-cheese/,https://schnellrezept.com/en/pizza-grilled-cheese/
/en/churro-toffee-saltine-squares/,https://schnellrezept.com/en/churro-toffee-saltine-squares/
/en/hawaiian-chicken-sheet-pan/,https://schnellrezept.com/en/hawaiian-chicken-sheet-pan/
/en/spinach-pepper-mozzarella-chicken/,https://schnellrezept.com/en/spinach-pepper-mozzarella-chicken/
/en/vanilla-syrup-crinkle-squares/,https://schnellrezept.com/en/vanilla-syrup-crinkle-squares/
/en/soft-and-chewy-butterscotch-cookies/,https://schnellrezept.com/en/soft-and-chewy-butterscotch-cookies/
/en/hearty-southern-beef-goulash/,https://schnellrezept.com/en/hearty-southern-beef-goulash/
/en/crispy-fried-bologna-sandwich-melt/,https://schnellrezept.com/en/crispy-fried-bologna-sandwich-melt/
/en/cheddar-chicken-biscuit-bubble-bake/,https://schnellrezept.com/en/cheddar-chicken-biscuit-bubble-bake/
/en/cheddar-beef-potato-bake/,https://schnellrezept.com/en/cheddar-beef-potato-bake/
/en/baked-bacon-cracker-appetizers/,https://schnellrezept.com/en/baked-bacon-cracker-appetizers/
/en/ground-beef-and-gravy-over-mashed-potatoes/,https://schnellrezept.com/en/ground-beef-and-gravy-over-mashed-potatoes/
/en/chicken-fried-steak-with-cream-gravy/,https://schnellrezept.com/en/chicken-fried-steak-with-cream-gravy/
/en/pig-pickin-cake/,https://schnellrezept.com/en/pig-pickin-cake/
/en/rotel-cream-cheese-sausage-balls/,https://schnellrezept.com/en/rotel-cream-cheese-sausage-balls/
/en/shrimp-and-crab-seafood-salad/,https://schnellrezept.com/en/shrimp-and-crab-seafood-salad/
/en/amish-style-apple-and-cinnamon-baked-oatmeal/,https://schnellrezept.com/en/amish-style-apple-and-cinnamon-baked-oatmeal/
/en/steak-bites-and-shells-garlic-butter-alfredo/,https://schnellrezept.com/en/steak-bites-and-shells-garlic-butter-alfredo/
/en/garlic-herb-roasted-potatoes-carrots-and-zucchini/,https://schnellrezept.com/en/garlic-herb-roasted-potatoes-carrots-and-zucchini/
/en/sunny-citrus-marshmallow-fruit-salad/,https://schnellrezept.com/en/sunny-citrus-marshmallow-fruit-salad/
/en/pineapple-bake/,https://schnellrezept.com/en/pineapple-bake/
/en/philly-cheesesteak-skillet-pasta/,https://schnellrezept.com/en/philly-cheesesteak-skillet-pasta/
/en/garlic-cream-baby-potatoes/,https://schnellrezept.com/en/garlic-cream-baby-potatoes/
/en/long-john-silvers-batter/,https://schnellrezept.com/en/long-john-silvers-batter/
/en/slow-cooker-chicken-in-savory-gravy/,https://schnellrezept.com/en/slow-cooker-chicken-in-savory-gravy/
/en/sausage-cream-cheese-crescent-rolls/,https://schnellrezept.com/en/sausage-cream-cheese-crescent-rolls/
/en/one-pan-sausage-green-beans-and-potatoes/,https://schnellrezept.com/en/one-pan-sausage-green-beans-and-potatoes/
/en/cinnamon-brown-sugar-apple-dumplings/,https://schnellrezept.com/en/cinnamon-brown-sugar-apple-dumplings/
/en/brown-sugar-kielbasa-bites/,https://schnellrezept.com/en/brown-sugar-kielbasa-bites/
/en/classic-flaky-pie-dough/,https://schnellrezept.com/en/classic-flaky-pie-dough/
/en/sweet-potato-cheesecake-crumble-bars/,https://schnellrezept.com/en/sweet-potato-cheesecake-crumble-bars/
/en/old-fashioned-rice-pudding/,https://schnellrezept.com/en/old-fashioned-rice-pudding/
/en/crunchy-dill-fried-pickle-chips/,https://schnellrezept.com/en/crunchy-dill-fried-pickle-chips/
/en/churro-cheesecake-bites/,https://schnellrezept.com/en/churro-cheesecake-bites/
/en/meatballs-with-potatoes-and-cheese/,https://schnellrezept.com/en/meatballs-with-potatoes-and-cheese/
/en/pineapple-heaven-cake/,https://schnellrezept.com/en/pineapple-heaven-cake/
/en/glazed-lemon-blondie-bars/,https://schnellrezept.com/en/glazed-lemon-blondie-bars/
/en/white-chocolate-fudge-bites/,https://schnellrezept.com/en/white-chocolate-fudge-bites/
/en/slow-cooker-loaded-baked-potatoes/,https://schnellrezept.com/en/slow-cooker-loaded-baked-potatoes/
/en/bacon-cheeseburger-casserole/,https://schnellrezept.com/en/bacon-cheeseburger-casserole/
/en/french-apple-cake/,https://schnellrezept.com/en/french-apple-cake/
/en/pecan-upside-down-cake-recipe/,https://schnellrezept.com/en/pecan-upside-down-cake-recipe/
/en/best-fruit-salad/,https://schnellrezept.com/en/best-fruit-salad/
/en/cheeseburger-impossible-pie-bake/,https://schnellrezept.com/en/cheeseburger-impossible-pie-bake/
/en/pumpkin-cheesecake-balls/,https://schnellrezept.com/en/pumpkin-cheesecake-balls/
/en/moms-cream-puffs/,https://schnellrezept.com/en/moms-cream-puffs/
/en/no-bake-german-chocolate-pie/,https://schnellrezept.com/en/no-bake-german-chocolate-pie/
/en/cheesy-ground-beef-egg-noodle-casserole/,https://schnellrezept.com/en/cheesy-ground-beef-egg-noodle-casserole/
/en/triple-crust-peach-cobbler/,https://schnellrezept.com/en/triple-crust-peach-cobbler/
/en/kielbasa-sausage-cheesy-potato-casserole/,https://schnellrezept.com/en/kielbasa-sausage-cheesy-potato-casserole/
/en/cheesy-mozzarella-chicken-dish/,https://schnellrezept.com/en/cheesy-mozzarella-chicken-dish/
/en/beefy-tortellini-bake/,https://schnellrezept.com/en/beefy-tortellini-bake/
/en/sausage-egg-and-cheese-breakfast-sliders/,https://schnellrezept.com/en/sausage-egg-and-cheese-breakfast-sliders/
/en/slow-cooked-ham-potato-bake/,https://schnellrezept.com/en/slow-cooked-ham-potato-bake/
/en/crispy-parmesan-zucchini-sticks/,https://schnellrezept.com/en/crispy-parmesan-zucchini-sticks/
/en/amish-meatloaf/,https://schnellrezept.com/en/amish-meatloaf/
/en/cheesy-baked-taco-lasagna/,https://schnellrezept.com/en/cheesy-baked-taco-lasagna/
/en/apple-cinnamon-cake/,https://schnellrezept.com/en/apple-cinnamon-cake/
/en/boston-cream-filled-donuts/,https://schnellrezept.com/en/boston-cream-filled-donuts/
/en/savory-garlic-butter-beef-pinwheels/,https://schnellrezept.com/en/savory-garlic-butter-beef-pinwheels/
/en/chicken-and-bacon-fried-rice/,https://schnellrezept.com/en/chicken-and-bacon-fried-rice/
/en/cajun-chicken-alfredo-shells/,https://schnellrezept.com/en/cajun-chicken-alfredo-shells/
/en/salisbury-steak-mushroom-gravy/,https://schnellrezept.com/en/salisbury-steak-mushroom-gravy/
/en/sausage-egg-hashbrown-bake/,https://schnellrezept.com/en/sausage-egg-hashbrown-bake/
/en/cheesy-oven-baked-beef-spaghetti/,https://schnellrezept.com/en/cheesy-oven-baked-beef-spaghetti/
/en/cheesy-garlic-bread/,https://schnellrezept.com/en/cheesy-garlic-bread/
/en/layered-beef-and-cheese-mexican-pizza/,https://schnellrezept.com/en/layered-beef-and-cheese-mexican-pizza/
/en/my-grandmas-apple-strudel/,https://schnellrezept.com/en/my-grandmas-apple-strudel/
/en/garlic-parmesan-cheeseburger-bites/,https://schnellrezept.com/en/garlic-parmesan-cheeseburger-bites/
/en/cheesy-bacon-tomato-onion-pie/,https://schnellrezept.com/en/cheesy-bacon-tomato-onion-pie/
/en/black-forest-brownies/,https://schnellrezept.com/en/black-forest-brownies/
/en/cherry-cheesecake-brownies-with-fresh-cherries/,https://schnellrezept.com/en/cherry-cheesecake-brownies-with-fresh-cherries/
/en/amish-slow-cooker-beef-potato-stew/,https://schnellrezept.com/en/amish-slow-cooker-beef-potato-stew/
/en/pistachio-pineapple-sheet-cake/,https://schnellrezept.com/en/pistachio-pineapple-sheet-cake/
/en/golden-cheddar-hashbrown-bake/,https://schnellrezept.com/en/golden-cheddar-hashbrown-bake/
/en/creamy-chicken-and-spinach-casserole/,https://schnellrezept.com/en/creamy-chicken-and-spinach-casserole/
/en/shrimp-scampi-garlic-cream-pasta/,https://schnellrezept.com/en/shrimp-scampi-garlic-cream-pasta/
/en/gooey-southern-chocolate-cobbler/,https://schnellrezept.com/en/gooey-southern-chocolate-cobbler/
/en/oklahoma-fried-onion-burgers/,https://schnellrezept.com/en/oklahoma-fried-onion-burgers/
/en/crab-and-shrimp-seafood-bisque/,https://schnellrezept.com/en/crab-and-shrimp-seafood-bisque/
/en/crockpot-chicken-spaghetti/,https://schnellrezept.com/en/crockpot-chicken-spaghetti/
/en/beef-and-cheese-chimichangas-recipe/,https://schnellrezept.com/en/beef-and-cheese-chimichangas-recipe/
/en/slow-cooker-pork-chops-over-potatoes/,https://schnellrezept.com/en/slow-cooker-pork-chops-over-potatoes/
/en/crab-rangoon/,https://schnellrezept.com/en/crab-rangoon/
/en/bacon-cheeseburger-tater-tot-casserole/,https://schnellrezept.com/en/bacon-cheeseburger-tater-tot-casserole/
/en/cheesy-baked-sandwich-bread-casserole/,https://schnellrezept.com/en/cheesy-baked-sandwich-bread-casserole/
/en/sweet-alabama-pecanbread/,https://schnellrezept.com/en/sweet-alabama-pecanbread/
/en/swedish-meatball-pasta-bake/,https://schnellrezept.com/en/swedish-meatball-pasta-bake/
/en/ham-and-cheese-sticks/,https://schnellrezept.com/en/ham-and-cheese-sticks/
/en/cornish-beef-pasties/,https://schnellrezept.com/en/cornish-beef-pasties/
/en/not-mamas-southern-banana-pudding/,https://schnellrezept.com/en/not-mamas-southern-banana-pudding/
/en/bacon-cheddar-ranch-dip/,https://schnellrezept.com/en/bacon-cheddar-ranch-dip/
/en/herbed-mushroom-rice-with-parsley/,https://schnellrezept.com/en/herbed-mushroom-rice-with-parsley/
/en/peanut-butter-chocolate-chip-dip/,https://schnellrezept.com/en/peanut-butter-chocolate-chip-dip/
/en/fried-potatoes-and-onions/,https://schnellrezept.com/en/fried-potatoes-and-onions/
/en/southern-ham-and-white-bean-stew/,https://schnellrezept.com/en/southern-ham-and-white-bean-stew/
/en/garlic-butter-grilled-cheese/,https://schnellrezept.com/en/garlic-butter-grilled-cheese/
/en/brown-sugar-baked-beans-with-bacon/,https://schnellrezept.com/en/brown-sugar-baked-beans-with-bacon/
/en/cowboy-spaghetti/,https://schnellrezept.com/en/cowboy-spaghetti/
/en/honey-butter-skillet-corn/,https://schnellrezept.com/en/honey-butter-skillet-corn/
/en/apple-streusel-bread/,https://schnellrezept.com/en/apple-streusel-bread/
/en/pizza-enchiladas-with-ground-beef/,https://schnellrezept.com/en/pizza-enchiladas-with-ground-beef/
/en/loaded-baked-potato-rounds/,https://schnellrezept.com/en/loaded-baked-potato-rounds/
/en/pork-chop-and-sauerkraut-casserole/,https://schnellrezept.com/en/pork-chop-and-sauerkraut-casserole/
/en/classic-chocolate-cream-pie/,https://schnellrezept.com/en/classic-chocolate-cream-pie/
/en/chile-rellenos-casserole/,https://schnellrezept.com/en/chile-rellenos-casserole/
/en/sizzling-beef-and-pepper-fajitas/,https://schnellrezept.com/en/sizzling-beef-and-pepper-fajitas/
/en/kilted-sausage-bites/,https://schnellrezept.com/en/kilted-sausage-bites/
/en/cheesy-beef-macaroni-casserole/,https://schnellrezept.com/en/cheesy-beef-macaroni-casserole/
/en/tennessee-onions/,https://schnellrezept.com/en/tennessee-onions/
/en/carrot-roll-with-cream-cheese-swirl/,https://schnellrezept.com/en/carrot-roll-with-cream-cheese-swirl/
/en/dorito-taco-salad-2/,https://schnellrezept.com/en/dorito-taco-salad-2/
/en/classic-beef-school-pizza/,https://schnellrezept.com/en/classic-beef-school-pizza/
/en/slow-cooker-banana-foster-pudding/,https://schnellrezept.com/en/slow-cooker-banana-foster-pudding/
/en/cheesy-bacon-potato-gratin/,https://schnellrezept.com/en/cheesy-bacon-potato-gratin/
/en/butter-swim-biscuits/,https://schnellrezept.com/en/butter-swim-biscuits/
/en/braided-mini-cheese-danish/,https://schnellrezept.com/en/braided-mini-cheese-danish/
/en/banana-bread-brownies/,https://schnellrezept.com/en/banana-bread-brownies/
/en/golden-loaded-mashed-potato-bites/,https://schnellrezept.com/en/golden-loaded-mashed-potato-bites/
/en/fudgy-brownie-cookies/,https://schnellrezept.com/en/fudgy-brownie-cookies/
/en/pineapple-coconut-cream-pie/,https://schnellrezept.com/en/pineapple-coconut-cream-pie/
/en/alpine-cheese-delight-pork-chops/,https://schnellrezept.com/en/alpine-cheese-delight-pork-chops/
/en/cheddar-bbq-bacon-bomb-bites/,https://schnellrezept.com/en/cheddar-bbq-bacon-bomb-bites/
/en/no-bake-classic-woolworth-cheesecake/,https://schnellrezept.com/en/no-bake-classic-woolworth-cheesecake/
/en/cheesy-dill-pickle-crisps/,https://schnellrezept.com/en/cheesy-dill-pickle-crisps/
/en/cheesy-mashed-potato-puffs/,https://schnellrezept.com/en/cheesy-mashed-potato-puffs/
/en/baked-marinara-spaghetti-and-meatballs/,https://schnellrezept.com/en/baked-marinara-spaghetti-and-meatballs/
/en/slow-cooker-steak-and-cheddar-potato-casserole/,https://schnellrezept.com/en/slow-cooker-steak-and-cheddar-potato-casserole/
/en/baked-sweet-and-sour-chicken/,https://schnellrezept.com/en/baked-sweet-and-sour-chicken/
/en/german-potato-pancakes/,https://schnellrezept.com/en/german-potato-pancakes/
/en/italian-drunken-noodles/,https://schnellrezept.com/en/italian-drunken-noodles/
/en/beef-sweet-potato-hash/,https://schnellrezept.com/en/beef-sweet-potato-hash/
/en/garlic-parmesan-chicken-and-potatoes/,https://schnellrezept.com/en/garlic-parmesan-chicken-and-potatoes/
/en/crispy-spiced-potato-wedges/,https://schnellrezept.com/en/crispy-spiced-potato-wedges/
/en/pioneer-woman-sausage-gravy/,https://schnellrezept.com/en/pioneer-woman-sausage-gravy/
/en/butter-pecan-praline-poke-cake/,https://schnellrezept.com/en/butter-pecan-praline-poke-cake/
/en/meatloaf-with-mashed-potatoes-and-cheese-recipe/,https://schnellrezept.com/en/meatloaf-with-mashed-potatoes-and-cheese-recipe/
/en/old-fashioned-amish-baked-custard/,https://schnellrezept.com/en/old-fashioned-amish-baked-custard/
/en/no-bake-salted-caramel-cookies/,https://schnellrezept.com/en/no-bake-salted-caramel-cookies/
/en/no-bake-peanut-butter-haystacks/,https://schnellrezept.com/en/no-bake-peanut-butter-haystacks/
/en/crispy-restaurant-style-crab-cakes/,https://schnellrezept.com/en/crispy-restaurant-style-crab-cakes/
/en/creamy-ham-potato-corn-chowder/,https://schnellrezept.com/en/creamy-ham-potato-corn-chowder/
/en/spaghetti-garlic-bread-bowls/,https://schnellrezept.com/en/spaghetti-garlic-bread-bowls/
/en/elvis-presley-cake/,https://schnellrezept.com/en/elvis-presley-cake/
/en/slow-cooker-glazed-meatloaf/,https://schnellrezept.com/en/slow-cooker-glazed-meatloaf/
/en/creamy-baked-macaroni-and-cheese/,https://schnellrezept.com/en/creamy-baked-macaroni-and-cheese/
/en/dill-pickle-pasta-salad/,https://schnellrezept.com/en/dill-pickle-pasta-salad/
/en/garlic-butter-steak-and-potatoes/,https://schnellrezept.com/en/garlic-butter-steak-and-potatoes/
/en/cheesy-zucchini-breadsticks/,https://schnellrezept.com/en/cheesy-zucchini-breadsticks/
/en/southern-chicken-and-dumplings/,https://schnellrezept.com/en/southern-chicken-and-dumplings/
/en/vegetable-tortilla-roll-ups/,https://schnellrezept.com/en/vegetable-tortilla-roll-ups/
/en/buttery-shortbread-pecan-bars/,https://schnellrezept.com/en/buttery-shortbread-pecan-bars/
/en/ultimate-cheesy-chicken-bake/,https://schnellrezept.com/en/ultimate-cheesy-chicken-bake/
/en/coconut-custard-pie/,https://schnellrezept.com/en/coconut-custard-pie/
/en/smothered-pork-chops-with-potatoes-in-gravy/,https://schnellrezept.com/en/smothered-pork-chops-with-potatoes-in-gravy/
/en/magic-lemon-custard-pie/,https://schnellrezept.com/en/magic-lemon-custard-pie/
/en/cheesy-stuffed-meatloaf-bites/,https://schnellrezept.com/en/cheesy-stuffed-meatloaf-bites/
/en/walking-taco-casserole/,https://schnellrezept.com/en/walking-taco-casserole/
/en/slow-cooker-ministers-cherry-delight/,https://schnellrezept.com/en/slow-cooker-ministers-cherry-delight/
/en/bacon-cheeseburger-cheddar-lasagna-bake/,https://schnellrezept.com/en/bacon-cheeseburger-cheddar-lasagna-bake/
/en/5-ingredient-sheet-pan-meatloaf/,https://schnellrezept.com/en/5-ingredient-sheet-pan-meatloaf/
/en/fudgy-snoball-brownie-squares/,https://schnellrezept.com/en/fudgy-snoball-brownie-squares/
/en/fresno-poppers/,https://schnellrezept.com/en/fresno-poppers/
/en/cheddar-crab-biscuits-with-lemon-butter/,https://schnellrezept.com/en/cheddar-crab-biscuits-with-lemon-butter/
/en/california-spaghetti-salad/,https://schnellrezept.com/en/california-spaghetti-salad/
/en/pineapple-upside-down-sugar-cookies/,https://schnellrezept.com/en/pineapple-upside-down-sugar-cookies/
/en/ranch-cream-chicken-with-bacon/,https://schnellrezept.com/en/ranch-cream-chicken-with-bacon/
/en/soft-peanut-butter-frosted-bars/,https://schnellrezept.com/en/soft-peanut-butter-frosted-bars/
/en/brown-sugar-pork-chops/,https://schnellrezept.com/en/brown-sugar-pork-chops/
/en/garlic-butter-lobster-tails/,https://schnellrezept.com/en/garlic-butter-lobster-tails/
/en/classic-spaghetti-carbonara/,https://schnellrezept.com/en/classic-spaghetti-carbonara/
/en/2-ingredient-protein-bread/,https://schnellrezept.com/en/2-ingredient-protein-bread/
/en/cherry-cheesecake-fluff-salad/,https://schnellrezept.com/en/cherry-cheesecake-fluff-salad/
/en/chinese-chicken-and-cabbage-dinner/,https://schnellrezept.com/en/chinese-chicken-and-cabbage-dinner/
/en/layered-chocolate-eclair-dessert/,https://schnellrezept.com/en/layered-chocolate-eclair-dessert/
/en/cheddar-ground-beef-rice-casserole/,https://schnellrezept.com/en/cheddar-ground-beef-rice-casserole/
/en/no-bake-oreo-lasagna-dessert/,https://schnellrezept.com/en/no-bake-oreo-lasagna-dessert/
/en/chocolate-dipped-peanut-butter-bites/,https://schnellrezept.com/en/chocolate-dipped-peanut-butter-bites/
/en/pineapple-ginger-pork-chops/,https://schnellrezept.com/en/pineapple-ginger-pork-chops/
/en/bacon-cheddar-hash-brown-quiche/,https://schnellrezept.com/en/bacon-cheddar-hash-brown-quiche/
/en/cheddar-chicken-broccoli-bake/,https://schnellrezept.com/en/cheddar-chicken-broccoli-bake/
/en/buttermilk-pie/,https://schnellrezept.com/en/buttermilk-pie/
/en/texas-toast-sloppy-joes/,https://schnellrezept.com/en/texas-toast-sloppy-joes/
/en/ground-beef-and-gravy/,https://schnellrezept.com/en/ground-beef-and-gravy/
/en/slow-cooker-hawaiian-kalua-pork/,https://schnellrezept.com/en/slow-cooker-hawaiian-kalua-pork/
/en/amish-apple-fritter-bread/,https://schnellrezept.com/en/amish-apple-fritter-bread/
/en/homemade-strawberry-cake/,https://schnellrezept.com/en/homemade-strawberry-cake/
/en/cowboy-queso-with-jalapenos/,https://schnellrezept.com/en/cowboy-queso-with-jalapenos/
/en/cheesy-pepperoni-snack-bites/,https://schnellrezept.com/en/cheesy-pepperoni-snack-bites/
/en/cherry-pie-bites/,https://schnellrezept.com/en/cherry-pie-bites/
/en/turtle-poke-cake/,https://schnellrezept.com/en/turtle-poke-cake/
/en/tangy-burger-spread/,https://schnellrezept.com/en/tangy-burger-spread/
/en/easy-peanut-butter-fudge-squares/,https://schnellrezept.com/en/easy-peanut-butter-fudge-squares/
/en/chicken-alfredo-broccoli-fettuccine/,https://schnellrezept.com/en/chicken-alfredo-broccoli-fettuccine/
/en/caramel-pecan-cheesecake-pie/,https://schnellrezept.com/en/caramel-pecan-cheesecake-pie/
/en/crispy-beef-nacho-egg-rolls/,https://schnellrezept.com/en/crispy-beef-nacho-egg-rolls/
/en/sausage-peppers-and-onions/,https://schnellrezept.com/en/sausage-peppers-and-onions/
/en/moist-fruit-cake/,https://schnellrezept.com/en/moist-fruit-cake/
/en/bread-pudding-recipe/,https://schnellrezept.com/en/bread-pudding-recipe/
/en/homemade-amish-sweet-bread/,https://schnellrezept.com/en/homemade-amish-sweet-bread/
/en/salisbury-meatballs-with-onion-gravy/,https://schnellrezept.com/en/salisbury-meatballs-with-onion-gravy/
/en/cheesecake-stuffed-chocolate-chip-cookies/,https://schnellrezept.com/en/cheesecake-stuffed-chocolate-chip-cookies/
/en/no-bake-samoa-coconut-cookies/,https://schnellrezept.com/en/no-bake-samoa-coconut-cookies/
/en/baked-zucchini-and-cheese/,https://schnellrezept.com/en/baked-zucchini-and-cheese/
/en/brown-sugar-bacon-green-beans/,https://schnellrezept.com/en/brown-sugar-bacon-green-beans/
/en/baked-beef-and-noodle-casserole/,https://schnellrezept.com/en/baked-beef-and-noodle-casserole/
/en/salted-chocolate-pecan-turtles/,https://schnellrezept.com/en/salted-chocolate-pecan-turtles/
/en/christmas-crock-pot-candy/,https://schnellrezept.com/en/christmas-crock-pot-candy/
/en/cranberry-brie-pastry-bites/,https://schnellrezept.com/en/cranberry-brie-pastry-bites/
/en/french-onion-chicken-orzo-casserole/,https://schnellrezept.com/en/french-onion-chicken-orzo-casserole/
/en/pineapple-upside-down-cake/,https://schnellrezept.com/en/pineapple-upside-down-cake/
/en/southern-sausage-gravy-biscuits/,https://schnellrezept.com/en/southern-sausage-gravy-biscuits/
/en/scottish-tablet/,https://schnellrezept.com/en/scottish-tablet/
/en/chocolate-texas-sheet-cake-cookies/,https://schnellrezept.com/en/chocolate-texas-sheet-cake-cookies/
/en/bacon-wrapped-mozzarella-crunch-sticks/,https://schnellrezept.com/en/bacon-wrapped-mozzarella-crunch-sticks/
/en/savory-herb-stuffing-bites/,https://schnellrezept.com/en/savory-herb-stuffing-bites/
/en/chocolate-toffee-layered-dessert/,https://schnellrezept.com/en/chocolate-toffee-layered-dessert/
/en/creamy-southern-style-potato-salad/,https://schnellrezept.com/en/creamy-southern-style-potato-salad/
/en/no-bake-peanut-butter-bites/,https://schnellrezept.com/en/no-bake-peanut-butter-bites/
/en/peanut-glaze-dandy-do-cookies/,https://schnellrezept.com/en/peanut-glaze-dandy-do-cookies/
/en/baked-zucchini-potato-bites/,https://schnellrezept.com/en/baked-zucchini-potato-bites/
/en/ravioli-lasagna-casserole/,https://schnellrezept.com/en/ravioli-lasagna-casserole/
/en/cheesy-cornflake-hashbrown-bake/,https://schnellrezept.com/en/cheesy-cornflake-hashbrown-bake/
/en/glazed-lemon-loaf/,https://schnellrezept.com/en/glazed-lemon-loaf/
/en/german-cabbage-and-dumplings/,https://schnellrezept.com/en/german-cabbage-and-dumplings/
/en/luscious-cherry-cream-fruit-salad/,https://schnellrezept.com/en/luscious-cherry-cream-fruit-salad/
/en/lemon-supreme-pie/,https://schnellrezept.com/en/lemon-supreme-pie/
/en/vanilla-custard-cream-squares/,https://schnellrezept.com/en/vanilla-custard-cream-squares/
/en/pumpkin-caramel-layered-dessert/,https://schnellrezept.com/en/pumpkin-caramel-layered-dessert/
/en/crockpot-cheesy-mozzarella-chicken/,https://schnellrezept.com/en/crockpot-cheesy-mozzarella-chicken/
/en/seafood-mac-and-cheese/,https://schnellrezept.com/en/seafood-mac-and-cheese/
/en/pecan-pie-balls-no-bake/,https://schnellrezept.com/en/pecan-pie-balls-no-bake/
/en/biscuits-and-gravy-pie/,https://schnellrezept.com/en/biscuits-and-gravy-pie/
/en/taco-spiced-cheesy-potatoes/,https://schnellrezept.com/en/taco-spiced-cheesy-potatoes/
/en/creamy-chicken-corn-chowder/,https://schnellrezept.com/en/creamy-chicken-corn-chowder/
/en/dump-and-bake-meatball-casserole/,https://schnellrezept.com/en/dump-and-bake-meatball-casserole/
/en/banana-bread-recipe/,https://schnellrezept.com/en/banana-bread-recipe/
/en/kielbasa-sheet-pan-dinner/,https://schnellrezept.com/en/kielbasa-sheet-pan-dinner/
/en/bacon-wrapped-stuffed-chicken/,https://schnellrezept.com/en/bacon-wrapped-stuffed-chicken/
/en/loaded-bacon-cheddar-potato-salad/,https://schnellrezept.com/en/loaded-bacon-cheddar-potato-salad/
/en/philly-beef-and-pepper-melt/,https://schnellrezept.com/en/philly-beef-and-pepper-melt/
/en/pimento-cheese-stuffed-tomatoes/,https://schnellrezept.com/en/pimento-cheese-stuffed-tomatoes/
/en/funnel-cake-bites/,https://schnellrezept.com/en/funnel-cake-bites/
/en/baked-sweet-onion-cream/,https://schnellrezept.com/en/baked-sweet-onion-cream/
/en/cheesecake-with-blueberry-topping/,https://schnellrezept.com/en/cheesecake-with-blueberry-topping/
/en/hawaiian-teriyaki-chicken/,https://schnellrezept.com/en/hawaiian-teriyaki-chicken/
/en/cheesy-tater-tot-casserole/,https://schnellrezept.com/en/cheesy-tater-tot-casserole/
/en/mexican-taco-meatloaf/,https://schnellrezept.com/en/mexican-taco-meatloaf/
/en/boozy-grapes/,https://schnellrezept.com/en/boozy-grapes/
/en/golden-crab-rangoon-rolls/,https://schnellrezept.com/en/golden-crab-rangoon-rolls/
/en/cheesy-garlic-green-beans/,https://schnellrezept.com/en/cheesy-garlic-green-beans/
/en/cucumber-tomato-salad/,https://schnellrezept.com/en/cucumber-tomato-salad/
/en/ground-beef-potato-casserole/,https://schnellrezept.com/en/ground-beef-potato-casserole/
/en/peach-cobbler-muffins/,https://schnellrezept.com/en/peach-cobbler-muffins/
/en/air-fryer-apple-fries/,https://schnellrezept.com/en/air-fryer-apple-fries/
/en/georgia-tomato-egg-cracker-salad/,https://schnellrezept.com/en/georgia-tomato-egg-cracker-salad/
/en/philly-melt-casserole-bake/,https://schnellrezept.com/en/philly-melt-casserole-bake/
/en/cheesecake-fudge/,https://schnellrezept.com/en/cheesecake-fudge/
/en/spicy-italian-melt-ring/,https://schnellrezept.com/en/spicy-italian-melt-ring/
/en/baked-chicken-ricotta-meatballs/,https://schnellrezept.com/en/baked-chicken-ricotta-meatballs/
/en/no-bake-chocolate-oat-bars/,https://schnellrezept.com/en/no-bake-chocolate-oat-bars/
/en/crack-sticks/,https://schnellrezept.com/en/crack-sticks/
/en/italian-cream-pecan-cake/,https://schnellrezept.com/en/italian-cream-pecan-cake/
/en/brown-sugar-butter-bars/,https://schnellrezept.com/en/brown-sugar-butter-bars/
/en/kielbasa-with-potatoes-and-kraut/,https://schnellrezept.com/en/kielbasa-with-potatoes-and-kraut/
/en/slow-cooker-bbq-ribs/,https://schnellrezept.com/en/slow-cooker-bbq-ribs/
/en/cream-cheese-baked-spaghetti-casserole/,https://schnellrezept.com/en/cream-cheese-baked-spaghetti-casserole/
/en/crock-pot-chicken-alfredo/,https://schnellrezept.com/en/crock-pot-chicken-alfredo/
/en/garlic-cream-shrimp-linguine/,https://schnellrezept.com/en/garlic-cream-shrimp-linguine/
/en/crispy-cornflake-peanut-butter-cookies/,https://schnellrezept.com/en/crispy-cornflake-peanut-butter-cookies/
/en/slow-cooked-french-dip/,https://schnellrezept.com/en/slow-cooked-french-dip/
/en/sour-cream-beef-noodle-casserole/,https://schnellrezept.com/en/sour-cream-beef-noodle-casserole/
/en/angel-chicken-rice-bake/,https://schnellrezept.com/en/angel-chicken-rice-bake/
/en/black-bean-burgers-recipe/,https://schnellrezept.com/en/black-bean-burgers-recipe/
/en/fried-apples-recipe/,https://schnellrezept.com/en/fried-apples-recipe/
/en/easy-christmas-fudge-recipe/,https://schnellrezept.com/en/easy-christmas-fudge-recipe/
/en/fresh-cherry-recipe/,https://schnellrezept.com/en/fresh-cherry-recipe/
/en/fried-rice-recipe/,https://schnellrezept.com/en/fried-rice-recipe/
/en/buddha-bowls-recipe/,https://schnellrezept.com/en/buddha-bowls-recipe/
/en/chocolate-pudding-recipe/,https://schnellrezept.com/en/chocolate-pudding-recipe/
/en/cornbread-recipe/,https://schnellrezept.com/en/cornbread-recipe/
/en/creamy-tuscan-chicken-pasta-recipe/,https://schnellrezept.com/en/creamy-tuscan-chicken-pasta-recipe/
/en/american-flag-cake-recipe/,https://schnellrezept.com/en/american-flag-cake-recipe/
/en/chia-pudding-recipe/,https://schnellrezept.com/en/chia-pudding-recipe/
/en/apple-crisp-topping-recipe/,https://schnellrezept.com/en/apple-crisp-topping-recipe/
/en/chili-con-carne-recipe/,https://schnellrezept.com/en/chili-con-carne-recipe/
/en/flapjack-recipe/,https://schnellrezept.com/en/flapjack-recipe/
/en/earl-grey-tea-recipes/,https://schnellrezept.com/en/earl-grey-tea-recipes/
/en/chicken-fried-rice-recipe/,https://schnellrezept.com/en/chicken-fried-rice-recipe/
/en/candied-carrots-recipe/,https://schnellrezept.com/en/candied-carrots-recipe/
/en/air-fryer-zucchini-chips-recipe/,https://schnellrezept.com/en/air-fryer-zucchini-chips-recipe/
/en/cheesy-spinach-dip-christmas-tree-recipe/,https://schnellrezept.com/en/cheesy-spinach-dip-christmas-tree-recipe/
/en/baby-back-ribs-on-grill-recipe/,https://schnellrezept.com/en/baby-back-ribs-on-grill-recipe/
/en/chicken-souvlaki-recipe/,https://schnellrezept.com/en/chicken-souvlaki-recipe/
/en/air-fryer-tortilla-recipe/,https://schnellrezept.com/en/air-fryer-tortilla-recipe/
/en/crock-pot-french-onion-soup-recipe/,https://schnellrezept.com/en/crock-pot-french-onion-soup-recipe/
/en/acai-bowl-recipe/,https://schnellrezept.com/en/acai-bowl-recipe/
/en/crab-salad-recipe/,https://schnellrezept.com/en/crab-salad-recipe/
/en/basil-pesto-recipe/,https://schnellrezept.com/en/basil-pesto-recipe/
/en/blueberry-buckle-recipe/,https://schnellrezept.com/en/blueberry-buckle-recipe/
/en/eggs-benedict-recipe/,https://schnellrezept.com/en/eggs-benedict-recipe/
/en/chicken-pesto-pasta-recipe/,https://schnellrezept.com/en/chicken-pesto-pasta-recipe/
/en/baby-back-ribs-recipe/,https://schnellrezept.com/en/baby-back-ribs-recipe/
/en/blackstone-tortellini-recipe/,https://schnellrezept.com/en/blackstone-tortellini-recipe/
/en/egg-salad-recipe/,https://schnellrezept.com/en/egg-salad-recipe/
/en/basic-crepes-recipe/,https://schnellrezept.com/en/basic-crepes-recipe/
/en/fruit-dip-recipe/,https://schnellrezept.com/en/fruit-dip-recipe/
/en/cornbread-muffins-recipe/,https://schnellrezept.com/en/cornbread-muffins-recipe/
/en/blueberry-cobbler-recipe/,https://schnellrezept.com/en/blueberry-cobbler-recipe/
/en/chicken-pot-pie-soup-recipe/,https://schnellrezept.com/en/chicken-pot-pie-soup-recipe/
/en/beef-enchilada-recipe/,https://schnellrezept.com/en/beef-enchilada-recipe/
/en/coconut-macaroons-recipe/,https://schnellrezept.com/en/coconut-macaroons-recipe/
/en/chocolate-buttercream-frosting-recipe/,https://schnellrezept.com/en/chocolate-buttercream-frosting-recipe/
/en/air-fryer-chicken-drumsticks-recipe/,https://schnellrezept.com/en/air-fryer-chicken-drumsticks-recipe/
/en/candied-yams-recipe/,https://schnellrezept.com/en/candied-yams-recipe/
/en/cheesy-potato-casserole-recipe/,https://schnellrezept.com/en/cheesy-potato-casserole-recipe/
/en/chicken-salad-sandwich-recipe/,https://schnellrezept.com/en/chicken-salad-sandwich-recipe/
/en/coconut-cake-recipe/,https://schnellrezept.com/en/coconut-cake-recipe/
/en/air-fryer-chicken-breast-recipe/,https://schnellrezept.com/en/air-fryer-chicken-breast-recipe/
/en/buttered-noodles-recipe/,https://schnellrezept.com/en/buttered-noodles-recipe/
/en/corn-salad-recipe/,https://schnellrezept.com/en/corn-salad-recipe/
/en/cottage-cheese-pasta-recipe/,https://schnellrezept.com/en/cottage-cheese-pasta-recipe/
/en/cottage-cheese-mac-and-cheese-recipe/,https://schnellrezept.com/en/cottage-cheese-mac-and-cheese-recipe/
/en/brioche-french-toast-recipe/,https://schnellrezept.com/en/brioche-french-toast-recipe/
/en/falafel-recipe/,https://schnellrezept.com/en/falafel-recipe/
/en/chanterelle-mushroom-recipe/,https://schnellrezept.com/en/chanterelle-mushroom-recipe/
/en/chicken-tetrazzini-recipe/,https://schnellrezept.com/en/chicken-tetrazzini-recipe/
/en/lemon-drizzle-cake-recipe/,https://schnellrezept.com/en/lemon-drizzle-cake-recipe/
/en/7-layer-salad-recipe/,https://schnellrezept.com/en/7-layer-salad-recipe/
/en/beef-and-broccoli-recipe/,https://schnellrezept.com/en/beef-and-broccoli-recipe/
/en/avocado-ice-cream-recipe/,https://schnellrezept.com/en/avocado-ice-cream-recipe/
/en/air-fryer-chicken-legs-recipe/,https://schnellrezept.com/en/air-fryer-chicken-legs-recipe/
/en/banana-chocolate-chip-muffins-recipe/,https://schnellrezept.com/en/banana-chocolate-chip-muffins-recipe/
/en/butter-cookies-recipe/,https://schnellrezept.com/en/butter-cookies-recipe/
/en/chicken-alfredo-recipe/,https://schnellrezept.com/en/chicken-alfredo-recipe/
/en/garlic-butter-chicken/,https://schnellrezept.com/en/garlic-butter-chicken/
/en/avocado-dip/,https://schnellrezept.com/en/avocado-dip/
/en/chicken-tikka-masala-recipe/,https://schnellrezept.com/en/chicken-tikka-masala-recipe/
/en/apple-crumble-recipe/,https://schnellrezept.com/en/apple-crumble-recipe/
/en/flat-iron-steak-recipe/,https://schnellrezept.com/en/flat-iron-steak-recipe/
/en/best-homemade-pizza-sauce/,https://schnellrezept.com/en/best-homemade-pizza-sauce/
/en/copycat-chick-fil-a-sauce/,https://schnellrezept.com/en/copycat-chick-fil-a-sauce/
/en/brown-gravy-recipe/,https://schnellrezept.com/en/brown-gravy-recipe/
/en/cobb-salad-recipe/,https://schnellrezept.com/en/cobb-salad-recipe/
/en/albondigas-soup-recipe/,https://schnellrezept.com/en/albondigas-soup-recipe/
/en/baked-apples-with-oats-recipe/,https://schnellrezept.com/en/baked-apples-with-oats-recipe/
/en/fish-tacos-recipe/,https://schnellrezept.com/en/fish-tacos-recipe/
/en/gluten-free-waffles/,https://schnellrezept.com/en/gluten-free-waffles/
/en/bubble-waffles/,https://schnellrezept.com/en/bubble-waffles/
/en/churros-recipe/,https://schnellrezept.com/en/churros-recipe/
/en/spaghetti-carbonara-recipe/,https://schnellrezept.com/en/spaghetti-carbonara-recipe/
/en/spring-roll-recipe/,https://schnellrezept.com/en/spring-roll-recipe/
/en/garlic-knots-recipe/,https://schnellrezept.com/en/garlic-knots-recipe/
/en/ribs-in-air-fryer-recipe/,https://schnellrezept.com/en/ribs-in-air-fryer-recipe/
/en/carne-asada-recipe/,https://schnellrezept.com/en/carne-asada-recipe/
/en/baklava-recipe/,https://schnellrezept.com/en/baklava-recipe/
/en/bbq-chicken-breast-recipe/,https://schnellrezept.com/en/bbq-chicken-breast-recipe/
/en/shrimp-and-grits-recipe/,https://schnellrezept.com/en/shrimp-and-grits-recipe/
/en/air-fryer-garlic-bread-recipe/,https://schnellrezept.com/en/air-fryer-garlic-bread-recipe/
/en/air-fryer-salmon-recipe/,https://schnellrezept.com/en/air-fryer-salmon-recipe/
/en/stuffed-peppers-recipe/,https://schnellrezept.com/en/stuffed-peppers-recipe/
/en/chocolate-mug-cake-recipe/,https://schnellrezept.com/en/chocolate-mug-cake-recipe/
/en/caprese-salad-recipe/,https://schnellrezept.com/en/caprese-salad-recipe/
/en/chicken-caprese-recipe/,https://schnellrezept.com/en/chicken-caprese-recipe/
/en/baked-salmon-recipe/,https://schnellrezept.com/en/baked-salmon-recipe/
/en/air-fryer-french-fries-recipe/,https://schnellrezept.com/en/air-fryer-french-fries-recipe/
/en/french-onion-chicken/,https://schnellrezept.com/en/french-onion-chicken/
/en/broccoli-cheese-soup/,https://schnellrezept.com/en/broccoli-cheese-soup/
/en/cauliflower-soup/,https://schnellrezept.com/en/cauliflower-soup/
/en/garlic-butter-steak-bites/,https://schnellrezept.com/en/garlic-butter-steak-bites/
/en/chicken-stir-fry/,https://schnellrezept.com/en/chicken-stir-fry/
/en/air-fryer-chicken-thighs/,https://schnellrezept.com/en/air-fryer-chicken-thighs/
/en/baked-potato-wedges-recipe/,https://schnellrezept.com/en/baked-potato-wedges-recipe/
/en/chicken-in-white-wine-sauce-recipe/,https://schnellrezept.com/en/chicken-in-white-wine-sauce-recipe/
/en/classic-shortbread-cookies-recipe/,https://schnellrezept.com/en/classic-shortbread-cookies-recipe/
/en/cheddar-broccoli-potato-soup-recipe/,https://schnellrezept.com/en/cheddar-broccoli-potato-soup-recipe/
/en/baked-apple-cider-donuts-recipe/,https://schnellrezept.com/en/baked-apple-cider-donuts-recipe/
/en/oven-baked-chili-cheese-dogs-recipe/,https://schnellrezept.com/en/oven-baked-chili-cheese-dogs-recipe/
/en/cranberry-whipped-feta-dip-recipe/,https://schnellrezept.com/en/cranberry-whipped-feta-dip-recipe/
/en/charcuterie-board-recipe/,https://schnellrezept.com/en/charcuterie-board-recipe/
/en/brown-sugar-bacon-wrapped-smokies-recipe/,https://schnellrezept.com/en/brown-sugar-bacon-wrapped-smokies-recipe/
/en/chicken-enchilada-soup-recipe/,https://schnellrezept.com/en/chicken-enchilada-soup-recipe/
/en/christmas-crinkle-cookies-recipe/,https://schnellrezept.com/en/christmas-crinkle-cookies-recipe/
/en/apple-pie-bread-recipe/,https://schnellrezept.com/en/apple-pie-bread-recipe/
/en/brown-sugar-pineapple-pork-chops/,https://schnellrezept.com/en/brown-sugar-pineapple-pork-chops/
/en/chocolate-pie-recipe/,https://schnellrezept.com/en/chocolate-pie-recipe/
/en/chicken-bacon-ranch-potato-bake-recipe/,https://schnellrezept.com/en/chicken-bacon-ranch-potato-bake-recipe/
/en/nestle-toll-house-death-by-chocolate-cake/,https://schnellrezept.com/en/nestle-toll-house-death-by-chocolate-cake/
/en/texas-sheet-cake-recipe/,https://schnellrezept.com/en/texas-sheet-cake-recipe/
/en/zuppa-toscana-recipe/,https://schnellrezept.com/en/zuppa-toscana-recipe/
/en/scrambled-eggs-recipe/,https://schnellrezept.com/en/scrambled-eggs-recipe/
/en/whole-chicken-in-air-fryer-recipe/,https://schnellrezept.com/en/whole-chicken-in-air-fryer-recipe/
/en/taco-spaghetti-recipe/,https://schnellrezept.com/en/taco-spaghetti-recipe/
/en/wedding-cookies-decorated-recipe/,https://schnellrezept.com/en/wedding-cookies-decorated-recipe/
/en/whole-wheat-sandwich-bread-recipe/,https://schnellrezept.com/en/whole-wheat-sandwich-bread-recipe/
/en/zucchini-boats-recipe/,https://schnellrezept.com/en/zucchini-boats-recipe/
/en/sweet-potato-casserole-recipe/,https://schnellrezept.com/en/sweet-potato-casserole-recipe/
/en/taco-pizza-with-pizza-crust-recipe/,https://schnellrezept.com/en/taco-pizza-with-pizza-crust-recipe/
/en/sweet-and-sour-sauce-recipe/,https://schnellrezept.com/en/sweet-and-sour-sauce-recipe/
/en/zucchini-muffins-recipes/,https://schnellrezept.com/en/zucchini-muffins-recipes/
/en/tartar-sauce-recipe/,https://schnellrezept.com/en/tartar-sauce-recipe/
/en/tiramisu-recipe/,https://schnellrezept.com/en/tiramisu-recipe/
/en/turkey-meatballs-recipe/,https://schnellrezept.com/en/turkey-meatballs-recipe/
/en/taco-seasoning/,https://schnellrezept.com/en/taco-seasoning/
/en/vegetable-soup-recipe/,https://schnellrezept.com/en/vegetable-soup-recipe/
/en/tuscan-chicken-recipe/,https://schnellrezept.com/en/tuscan-chicken-recipe/
/en/ham-and-white-bean-soup-recipe/,https://schnellrezept.com/en/ham-and-white-bean-soup-recipe/
/en/shirley-temple-drink-recipe/,https://schnellrezept.com/en/shirley-temple-drink-recipe/
/en/linzer-cookies-recipe/,https://schnellrezept.com/en/linzer-cookies-recipe/
/en/steak-au-poivre-recipe/,https://schnellrezept.com/en/steak-au-poivre-recipe/
/en/john-wayne-casserole-recipe/,https://schnellrezept.com/en/john-wayne-casserole-recipe/
/en/roasted-brussels-sprouts-recipe/,https://schnellrezept.com/en/roasted-brussels-sprouts-recipe/
/en/starbucks-refreshers-recipe/,https://schnellrezept.com/en/starbucks-refreshers-recipe/
/en/school-buns-skoleboller-recipe/,https://schnellrezept.com/en/school-buns-skoleboller-recipe/
/en/new-york-cheesecake-recipe/,https://schnellrezept.com/en/new-york-cheesecake-recipe/
/en/sona-masoori-rice-recipe/,https://schnellrezept.com/en/sona-masoori-rice-recipe/
/en/overnight-oats-recipe/,https://schnellrezept.com/en/overnight-oats-recipe/
/en/starbucks-frappuccino-recipe/,https://schnellrezept.com/en/starbucks-frappuccino-recipe/
/en/irish-soda-bread-recipe/,https://schnellrezept.com/en/irish-soda-bread-recipe/
/en/glazed-salmon-recipe/,https://schnellrezept.com/en/glazed-salmon-recipe/
/en/roasted-broccoli-recipe/,https://schnellrezept.com/en/roasted-broccoli-recipe/
/en/strawberry-lemonade-recipe/,https://schnellrezept.com/en/strawberry-lemonade-recipe/
/en/small-batch-chocolate-chip-cookies-recipe/,https://schnellrezept.com/en/small-batch-chocolate-chip-cookies-recipe/
/en/grilled-chicken-breast-recipe/,https://schnellrezept.com/en/grilled-chicken-breast-recipe/
/en/pistachio-cream-recipe/,https://schnellrezept.com/en/pistachio-cream-recipe/
/en/green-beans-and-potatoes-recipe/,https://schnellrezept.com/en/green-beans-and-potatoes-recipe/
/en/kale-salad-recipe/,https://schnellrezept.com/en/kale-salad-recipe/
/en/outback-steakhouse-bloomin-onion-recipe/,https://schnellrezept.com/en/outback-steakhouse-bloomin-onion-recipe/
/en/shrimp-ceviche-recipe/,https://schnellrezept.com/en/shrimp-ceviche-recipe/
/en/stuffed-french-toast-recipe/,https://schnellrezept.com/en/stuffed-french-toast-recipe/
/en/sourdough-milk-bread-recipe/,https://schnellrezept.com/en/sourdough-milk-bread-recipe/
/en/simple-fruit-charcuterie-recipe/,https://schnellrezept.com/en/simple-fruit-charcuterie-recipe/
/en/rice-krispie-treats-recipe/,https://schnellrezept.com/en/rice-krispie-treats-recipe/
/en/summer-dip-recipes/,https://schnellrezept.com/en/summer-dip-recipes/
/en/roasted-green-beans-recipe/,https://schnellrezept.com/en/roasted-green-beans-recipe/
/en/sourdough-chocolate-babka-recipe/,https://schnellrezept.com/en/sourdough-chocolate-babka-recipe/
/en/rotisserie-chicken-casserole-recipe/,https://schnellrezept.com/en/rotisserie-chicken-casserole-recipe/
/en/snowball-cookies-recipe/,https://schnellrezept.com/en/snowball-cookies-recipe/
/en/orzo-pasta-salad-recipe/,https://schnellrezept.com/en/orzo-pasta-salad-recipe/
/en/soft-cutout-sugar-cookies-recipe/,https://schnellrezept.com/en/soft-cutout-sugar-cookies-recipe/
/en/mulberry-jam-recipe/,https://schnellrezept.com/en/mulberry-jam-recipe/
/en/pineapple-salsa-recipe/,https://schnellrezept.com/en/pineapple-salsa-recipe/
/en/instant-pot-mac-and-cheese-recipe/,https://schnellrezept.com/en/instant-pot-mac-and-cheese-recipe/
/en/shrimp-tacos-recipe/,https://schnellrezept.com/en/shrimp-tacos-recipe/
/en/rump-roast-recipe/,https://schnellrezept.com/en/rump-roast-recipe/
/en/mojito-recipe/,https://schnellrezept.com/en/mojito-recipe/
/en/strawberry-cake-recipe/,https://schnellrezept.com/en/strawberry-cake-recipe/
/en/slow-cooker-chicken-dumplings-recipe/,https://schnellrezept.com/en/slow-cooker-chicken-dumplings-recipe/
/en/homemade-sourdough-bagels-recipe/,https://schnellrezept.com/en/homemade-sourdough-bagels-recipe/
/en/shrimp-skewers-recipe/,https://schnellrezept.com/en/shrimp-skewers-recipe/
/en/hard-boiled-eggs-recipe/,https://schnellrezept.com/en/hard-boiled-eggs-recipe/
/en/pumpkin-muffins-recipe/,https://schnellrezept.com/en/pumpkin-muffins-recipe/
/en/plain-lo-mein-noodles-recipe/,https://schnellrezept.com/en/plain-lo-mein-noodles-recipe/
/en/spaghetti-sauce-with-diced-tomatoes/,https://schnellrezept.com/en/spaghetti-sauce-with-diced-tomatoes/
/en/pickled-banana-peppers-recipe/,https://schnellrezept.com/en/pickled-banana-peppers-recipe/
/en/oven-roasted-carrots-recipe/,https://schnellrezept.com/en/oven-roasted-carrots-recipe/
/en/snickerdoodle-recipe/,https://schnellrezept.com/en/snickerdoodle-recipe/
/en/sesame-chicken-recipe/,https://schnellrezept.com/en/sesame-chicken-recipe/
/en/huevos-rancheros-recipe/,https://schnellrezept.com/en/huevos-rancheros-recipe/
/en/pound-cake-recipe/,https://schnellrezept.com/en/pound-cake-recipe/
/en/moussaka-recipe/,https://schnellrezept.com/en/moussaka-recipe/
/en/no-bake-cheesecake-recipe/,https://schnellrezept.com/en/no-bake-cheesecake-recipe/
/en/loaded-baked-potato-recipe/,https://schnellrezept.com/en/loaded-baked-potato-recipe/
/en/rustic-italian-pizza-dough-recipe/,https://schnellrezept.com/en/rustic-italian-pizza-dough-recipe/
/en/slow-cooker-ribs-recipe/,https://schnellrezept.com/en/slow-cooker-ribs-recipe/
/en/italian-focaccia-bread-recipe/,https://schnellrezept.com/en/italian-focaccia-bread-recipe/
/en/morning-glory-muffins-recipe/,https://schnellrezept.com/en/morning-glory-muffins-recipe/
/en/huli-huli-chicken-recipe/,https://schnellrezept.com/en/huli-huli-chicken-recipe/
/en/hush-puppies-recipe/,https://schnellrezept.com/en/hush-puppies-recipe/
/en/huckleberry-recipe/,https://schnellrezept.com/en/huckleberry-recipe/
/en/sourdough-sticky-buns-recipe/,https://schnellrezept.com/en/sourdough-sticky-buns-recipe/
/en/hashbrown-casserole-recipe/,https://schnellrezept.com/en/hashbrown-casserole-recipe/
/en/banana-nut-muffins-recipe/,https://schnellrezept.com/en/banana-nut-muffins-recipe/
/en/discard-banana-bread-recipe/,https://schnellrezept.com/en/discard-banana-bread-recipe/
/en/shakshuka-recipe/,https://schnellrezept.com/en/shakshuka-recipe/
/en/homemade-butter-recipe/,https://schnellrezept.com/en/homemade-butter-recipe/
/en/steak-bites-and-potatoes/,https://schnellrezept.com/en/steak-bites-and-potatoes/
/en/ground-beef-and-potatoes/,https://schnellrezept.com/en/ground-beef-and-potatoes/
/en/steak-and-potatoes/,https://schnellrezept.com/en/steak-and-potatoes/
/en/picadillo-recipe-mexican/,https://schnellrezept.com/en/picadillo-recipe-mexican/
/en/potatoes-au-gratin-recipe/,https://schnellrezept.com/en/potatoes-au-gratin-recipe/
/en/shrimp-scampi-with-pasta-recipe/,https://schnellrezept.com/en/shrimp-scampi-with-pasta-recipe/
/en/strawberry-cheesecake-recipe/,https://schnellrezept.com/en/strawberry-cheesecake-recipe/
/en/homemade-pizza-dough/,https://schnellrezept.com/en/homemade-pizza-dough/
/en/boneless-chicken-breast-recipe/,https://schnellrezept.com/en/boneless-chicken-breast-recipe/
/en/buffalo-chicken-pizza/,https://schnellrezept.com/en/buffalo-chicken-pizza/
/en/lemon-zucchini-bread-recipe/,https://schnellrezept.com/en/lemon-zucchini-bread-recipe/
/en/healthy-waffles/,https://schnellrezept.com/en/healthy-waffles/
/en/sourdough-focaccia-recipe/,https://schnellrezept.com/en/sourdough-focaccia-recipe/
/en/panko-chicken-recipe/,https://schnellrezept.com/en/panko-chicken-recipe/
/en/potato-skins-recipe/,https://schnellrezept.com/en/potato-skins-recipe/
/en/prosciutto-pizza-recipe/,https://schnellrezept.com/en/prosciutto-pizza-recipe/
/en/cake-pop-recipe/,https://schnellrezept.com/en/cake-pop-recipe/
/en/ground-beef-stuffed-peppers-recipe/,https://schnellrezept.com/en/ground-beef-stuffed-peppers-recipe/
/en/beef-and-potatoes-recipe/,https://schnellrezept.com/en/beef-and-potatoes-recipe/
/en/chicken-curry-indian-recipe/,https://schnellrezept.com/en/chicken-curry-indian-recipe/
/en/vanilla-cupcake-recipe/,https://schnellrezept.com/en/vanilla-cupcake-recipe/
/en/ramen-noodle-soup-recipe/,https://schnellrezept.com/en/ramen-noodle-soup-recipe/
/en/steak-fajitas-recipe/,https://schnellrezept.com/en/steak-fajitas-recipe/
/en/moist-banana-bread-recipe/,https://schnellrezept.com/en/moist-banana-bread-recipe/
/en/pickled-okra-recipe/,https://schnellrezept.com/en/pickled-okra-recipe/
/en/kung-pao-chicken-recipe/,https://schnellrezept.com/en/kung-pao-chicken-recipe/
/en/mississippi-chicken/,https://schnellrezept.com/en/mississippi-chicken/
/en/slow-cooker-honey-garlic-chicken/,https://schnellrezept.com/en/slow-cooker-honey-garlic-chicken/
/en/sockeye-salmon-recipe/,https://schnellrezept.com/en/sockeye-salmon-recipe/
/en/slow-cooker-potato-soup/,https://schnellrezept.com/en/slow-cooker-potato-soup/
/en/lemon-salmon/,https://schnellrezept.com/en/lemon-salmon/
/en/honey-garlic-chicken-wings/,https://schnellrezept.com/en/honey-garlic-chicken-wings/
/en/potato-skins/,https://schnellrezept.com/en/potato-skins/
/en/pineapple-chicken/,https://schnellrezept.com/en/pineapple-chicken/
/en/sourdough-biscuits/,https://schnellrezept.com/en/sourdough-biscuits/
/en/pulled-pork-nachos-recipe/,https://schnellrezept.com/en/pulled-pork-nachos-recipe/
/en/salmon-bites-recipe/,https://schnellrezept.com/en/salmon-bites-recipe/
/en/pasta-fagioli-soup-recipe/,https://schnellrezept.com/en/pasta-fagioli-soup-recipe/
/en/meatloaf-recipe/,https://schnellrezept.com/en/meatloaf-recipe/
/en/ritz-cracker-party-sandwiches/,https://schnellrezept.com/en/ritz-cracker-party-sandwiches/
/en/southern-blackberry-cobbler-recipe/,https://schnellrezept.com/en/southern-blackberry-cobbler-recipe/
/en/smothered-pork-chops-recipe/,https://schnellrezept.com/en/smothered-pork-chops-recipe/
/en/pumpkin-streusel-muffins-recipe/,https://schnellrezept.com/en/pumpkin-streusel-muffins-recipe/
/en/ham-and-cranberry-hawaiian-roll-sliders-recipe/,https://schnellrezept.com/en/ham-and-cranberry-hawaiian-roll-sliders-recipe/
/en/pimento-cheese-deviled-eggs-recipe/,https://schnellrezept.com/en/pimento-cheese-deviled-eggs-recipe/
/en/one-pot-macaroni-cheeseburger-soup/,https://schnellrezept.com/en/one-pot-macaroni-cheeseburger-soup/
/en/creamy-wild-rice-chicken-soup-with-roasted-mushrooms/,https://schnellrezept.com/en/creamy-wild-rice-chicken-soup-with-roasted-mushrooms/
/en/old-fashioned-caramel-icing/,https://schnellrezept.com/en/old-fashioned-caramel-icing/
/en/orange-dreamsicle-salad/,https://schnellrezept.com/en/orange-dreamsicle-salad/
/en/gochujang-chicken-recipe/,https://schnellrezept.com/en/gochujang-chicken-recipe/
/en/nudeln-mit-schinken-sahne-sauce/,https://schnellrezept.com/en/nudeln-mit-schinken-sahne-sauce/
/en/rote-linsen-curry-mit-suskartoffeln/,https://schnellrezept.com/en/rote-linsen-curry-mit-suskartoffeln/
/en/rotkohl-karamellisiert/,https://schnellrezept.com/en/rotkohl-karamellisiert/
/en/gebratene-champignons-mit-knoblauchschmand-oder-alioli/,https://schnellrezept.com/en/gebratene-champignons-mit-knoblauchschmand-oder-alioli/
/en/pfannkuchen-mit-hackfleisch/,https://schnellrezept.com/en/pfannkuchen-mit-hackfleisch/
/en/zwiebel-kase-schinken-brot/,https://schnellrezept.com/en/zwiebel-kase-schinken-brot/
/en/gebackene-banane/,https://schnellrezept.com/en/gebackene-banane/
/en/erdbeermousse-torte/,https://schnellrezept.com/en/erdbeermousse-torte/
/en/panierte-champignons-und-krauterquark/,https://schnellrezept.com/en/panierte-champignons-und-krauterquark/
/en/mirabellenmarmelade-fur-faule/,https://schnellrezept.com/en/mirabellenmarmelade-fur-faule/
/en/quarkkuchen-ohne-eier-und-ohne-backen/,https://schnellrezept.com/en/quarkkuchen-ohne-eier-und-ohne-backen/
/en/schokohornchen-halten-2-3-tage-frisch/,https://schnellrezept.com/en/schokohornchen-halten-2-3-tage-frisch/
/en/fladenbrot-mit-hackfleisch-aus-dem-backofen/,https://schnellrezept.com/en/fladenbrot-mit-hackfleisch-aus-dem-backofen/
/en/bunte-schupfnudeln/,https://schnellrezept.com/en/bunte-schupfnudeln/
/en/gyrosauflauf-mit-knoblauch-und-sauce-hollandaise/,https://schnellrezept.com/en/gyrosauflauf-mit-knoblauch-und-sauce-hollandaise/
/en/knuspriger-blumenkohl-aus-dem-ofen/,https://schnellrezept.com/en/knuspriger-blumenkohl-aus-dem-ofen/
/en/joghurt-hefeteig/,https://schnellrezept.com/en/joghurt-hefeteig/
/en/rouladentopf-ohne-fertigsosen/,https://schnellrezept.com/en/rouladentopf-ohne-fertigsosen/
/en/paris-brest-dessert-rezept/,https://schnellrezept.com/en/paris-brest-dessert-rezept/
/en/12-essloffel-blechkuchen/,https://schnellrezept.com/en/12-essloffel-blechkuchen/
/en/spargel-in-rosa-basilikum-kase-sauce-mit-filet-vom-schwein-huhn-oder-pute/,https://schnellrezept.com/en/spargel-in-rosa-basilikum-kase-sauce-mit-filet-vom-schwein-huhn-oder-pute/
/en/spatzle-auflauf-mit-schinken-und-kase/,https://schnellrezept.com/en/spatzle-auflauf-mit-schinken-und-kase/
/en/kasesuppe/,https://schnellrezept.com/en/kasesuppe/
/en/spaghetti-carbonara-light/,https://schnellrezept.com/en/spaghetti-carbonara-light/
/en/pfannkuchen-ohne-mehl/,https://schnellrezept.com/en/pfannkuchen-ohne-mehl/
/en/blitzschnelle-mayonnaise-in-einer-minute/,https://schnellrezept.com/en/blitzschnelle-mayonnaise-in-einer-minute/
/en/vanillesose/,https://schnellrezept.com/en/vanillesose/
/en/joghurt-bombe-rezept/,https://schnellrezept.com/en/joghurt-bombe-rezept/
/en/stollenkuchen-vom-blech-mit-marzipan/,https://schnellrezept.com/en/stollenkuchen-vom-blech-mit-marzipan/
/en/erdbeerlimes-rezept/,https://schnellrezept.com/en/erdbeerlimes-rezept/
/en/uberbackene-gyros-in-champignon-sahnesose/,https://schnellrezept.com/en/uberbackene-gyros-in-champignon-sahnesose/
/en/puddinghornchen-rezept/,https://schnellrezept.com/en/puddinghornchen-rezept/
/en/maulwurfkuchen-rezept/,https://schnellrezept.com/en/maulwurfkuchen-rezept/
/en/gyros-spatzle-auflauf/,https://schnellrezept.com/en/gyros-spatzle-auflauf/
/en/hoppin-john-recipe/,https://schnellrezept.com/en/hoppin-john-recipe/
/en/baked-penne-recipe/,https://schnellrezept.com/en/baked-penne-recipe/
/en/bolognese-sauce-recipe/,https://schnellrezept.com/en/bolognese-sauce-recipe/
/en/honey-baked-ham-recipe/,https://schnellrezept.com/en/honey-baked-ham-recipe/
/en/mocha-frappe-recipe/,https://schnellrezept.com/en/mocha-frappe-recipe/
/en/loaded-overnight-breakfast-casserole-recipe/,https://schnellrezept.com/en/loaded-overnight-breakfast-casserole-recipe/
/en/raspberry-fluff-salad-recipe/,https://schnellrezept.com/en/raspberry-fluff-salad-recipe/
/en/baked-cauliflower-recipe/,https://schnellrezept.com/en/baked-cauliflower-recipe/
/en/roasted-brown-sugar-carrots-recipe/,https://schnellrezept.com/en/roasted-brown-sugar-carrots-recipe/
/en/sauteed-mushrooms-and-green-beans-recipe/,https://schnellrezept.com/en/sauteed-mushrooms-and-green-beans-recipe/
/en/ground-beef-potato-casserole-recipe/,https://schnellrezept.com/en/ground-beef-potato-casserole-recipe/
/en/berry-crisp-with-frozen-berries-recipe/,https://schnellrezept.com/en/berry-crisp-with-frozen-berries-recipe/
/en/blackberry-cobbler-with-pie-crust-recipe/,https://schnellrezept.com/en/blackberry-cobbler-with-pie-crust-recipe/
/en/coconut-chicken-recipe/,https://schnellrezept.com/en/coconut-chicken-recipe/
/en/thai-red-curry-with-chicken-recipe/,https://schnellrezept.com/en/thai-red-curry-with-chicken-recipe/
/en/red-enchilada-sauce-recipe/,https://schnellrezept.com/en/red-enchilada-sauce-recipe/
/en/chicken-enchiladas-casserole-recipe/,https://schnellrezept.com/en/chicken-enchiladas-casserole-recipe/
/en/cajun-sausage-pasta-recipe/,https://schnellrezept.com/en/cajun-sausage-pasta-recipe/
/en/tomato-soup-recipe/,https://schnellrezept.com/en/tomato-soup-recipe/
/en/crockpot-loaded-potato-soup-recipe/,https://schnellrezept.com/en/crockpot-loaded-potato-soup-recipe/
/en/chicken-riesling-recipe/,https://schnellrezept.com/en/chicken-riesling-recipe/
/en/lemon-crinkle-cookies-recipe/,https://schnellrezept.com/en/lemon-crinkle-cookies-recipe/
/en/zuppa-toscana-soup-recipe/,https://schnellrezept.com/en/zuppa-toscana-soup-recipe/
/en/million-dollar-spaghetti-recipe/,https://schnellrezept.com/en/million-dollar-spaghetti-recipe/
/en/southern-shrimp-and-grits-recipe/,https://schnellrezept.com/en/southern-shrimp-and-grits-recipe/
/en/honey-garlic-crispy-chicken-recipe/,https://schnellrezept.com/en/honey-garlic-crispy-chicken-recipe/
/en/ground-beef-shepherds-pie-recipe/,https://schnellrezept.com/en/ground-beef-shepherds-pie-recipe/
/en/pasta-e-fagioli-recipe/,https://schnellrezept.com/en/pasta-e-fagioli-recipe/
/en/reindeer-cheese-ball-recipe/,https://schnellrezept.com/en/reindeer-cheese-ball-recipe/
/en/bacon-wrapped-jalapeno-poppers-recipe/,https://schnellrezept.com/en/bacon-wrapped-jalapeno-poppers-recipe/
/en/slow-cooked-dinners/,https://schnellrezept.com/en/slow-cooked-dinners/
/en/peanut-butter-balls/,https://schnellrezept.com/en/peanut-butter-balls/
/en/german-chocolate-pecan-pie-bars/,https://schnellrezept.com/en/german-chocolate-pecan-pie-bars/
/en/parmesan-baked-pork-chops/,https://schnellrezept.com/en/parmesan-baked-pork-chops/
/en/apple-cinnamon-roll-bake/,https://schnellrezept.com/en/apple-cinnamon-roll-bake/
/en/crispy-hashbrown-and-sausage-bites/,https://schnellrezept.com/en/crispy-hashbrown-and-sausage-bites/
/en/easy-italian-chicken-bake/,https://schnellrezept.com/en/easy-italian-chicken-bake/
/en/chewy-coconut-blondie-bars/,https://schnellrezept.com/en/chewy-coconut-blondie-bars/
/en/melt-in-your-mouth-chicken/,https://schnellrezept.com/en/melt-in-your-mouth-chicken/
/en/mexican-rice-recipe/,https://schnellrezept.com/en/mexican-rice-recipe/
/en/marry-me-chicken-recipe/,https://schnellrezept.com/en/marry-me-chicken-recipe/
/en/chicken-breast-with-ranch-dressing/,https://schnellrezept.com/en/chicken-breast-with-ranch-dressing/
/en/christmas-cookies-with-cocoa-powder/,https://schnellrezept.com/en/christmas-cookies-with-cocoa-powder/
/en/cottage-cheese-veggie-dip-recipe/,https://schnellrezept.com/en/cottage-cheese-veggie-dip-recipe/
/en/spiced-bbq-ribs-with-mashed-potatoes/,https://schnellrezept.com/en/spiced-bbq-ribs-with-mashed-potatoes/
/en/marry-me-chicken-tortellini-soup/,https://schnellrezept.com/en/marry-me-chicken-tortellini-soup/
/en/tomato-soup-hamburger-casserole/,https://schnellrezept.com/en/tomato-soup-hamburger-casserole/
/en/dry-rub-roasted-turkey/,https://schnellrezept.com/en/dry-rub-roasted-turkey/
/en/stovetop-tuna-casserole/,https://schnellrezept.com/en/stovetop-tuna-casserole/
/en/pumpkin-cinnamon-rolls/,https://schnellrezept.com/en/pumpkin-cinnamon-rolls/
/en/apple-cider-donut-cake-with-apples/,https://schnellrezept.com/en/apple-cider-donut-cake-with-apples/
/en/iced-apple-cider-caramel-oatmeal-cookies/,https://schnellrezept.com/en/iced-apple-cider-caramel-oatmeal-cookies/
/en/lemon-cheesecake-with-shortbread-crust/,https://schnellrezept.com/en/lemon-cheesecake-with-shortbread-crust/
/en/sausage-and-egg-casserole-recipe/,https://schnellrezept.com/en/sausage-and-egg-casserole-recipe/
/en/rolls-without-yeast/,https://schnellrezept.com/en/rolls-without-yeast/
/en/cottage-cheese-vanilla-pudding/,https://schnellrezept.com/en/cottage-cheese-vanilla-pudding/
/en/christmas-stuffed-french-toast/,https://schnellrezept.com/en/christmas-stuffed-french-toast/
/en/cottage-cheese-yeast-rolls/,https://schnellrezept.com/en/cottage-cheese-yeast-rolls/
/en/oven-roasted-butternut-squash/,https://schnellrezept.com/en/oven-roasted-butternut-squash/
/en/apple-cider/,https://schnellrezept.com/en/apple-cider/
/en/nutella-stuffed-christmas-cookies/,https://schnellrezept.com/en/nutella-stuffed-christmas-cookies/
/en/chicken-breast-with-dill-recipe/,https://schnellrezept.com/en/chicken-breast-with-dill-recipe/
/en/tomato-soup-with-boursin-cheese/,https://schnellrezept.com/en/tomato-soup-with-boursin-cheese/
/en/chicken-breast-with-dried-beef-recipe/,https://schnellrezept.com/en/chicken-breast-with-dried-beef-recipe/
/en/christmas-cookies-with-almond-extract/,https://schnellrezept.com/en/christmas-cookies-with-almond-extract/
/en/sheet-pan-pecan-pie/,https://schnellrezept.com/en/sheet-pan-pecan-pie/
/en/chicken-breast-with-broccoli/,https://schnellrezept.com/en/chicken-breast-with-broccoli/
/en/spooky-candy-corn-popcorn-hands/,https://schnellrezept.com/en/spooky-candy-corn-popcorn-hands/
/en/christmas-cookies-with-chinese-noodles/,https://schnellrezept.com/en/christmas-cookies-with-chinese-noodles/
/en/pumpkin-pie-in-a-cup/,https://schnellrezept.com/en/pumpkin-pie-in-a-cup/
/en/tomato-bisque-soup-recipe/,https://schnellrezept.com/en/tomato-bisque-soup-recipe/
/en/garlic-herb-roasted-turkey-breast/,https://schnellrezept.com/en/garlic-herb-roasted-turkey-breast/
/en/pasta-salad-with-arugula-and-feta/,https://schnellrezept.com/en/pasta-salad-with-arugula-and-feta/
/en/cottage-cheese-scalloped-potatoes/,https://schnellrezept.com/en/cottage-cheese-scalloped-potatoes/
/en/christmas-peppermint-drinks/,https://schnellrezept.com/en/christmas-peppermint-drinks/
/en/stuffed-shells-recipe/,https://schnellrezept.com/en/stuffed-shells-recipe/
/en/chicken-breast-with-asparagus/,https://schnellrezept.com/en/chicken-breast-with-asparagus/
/en/pumpkin-pie-bars-with-graham-cracker-crust/,https://schnellrezept.com/en/pumpkin-pie-bars-with-graham-cracker-crust/
/en/cottage-cheese-zucchini-lasagna/,https://schnellrezept.com/en/cottage-cheese-zucchini-lasagna/
/en/lazy-girl-pecan-pie-bars/,https://schnellrezept.com/en/lazy-girl-pecan-pie-bars/
/en/lemon-cheesecake-poke-cake/,https://schnellrezept.com/en/lemon-cheesecake-poke-cake/
/en/baked-thanksgiving-mac-and-cheese/,https://schnellrezept.com/en/baked-thanksgiving-mac-and-cheese/
/en/chicken-noodle-soup-casserole/,https://schnellrezept.com/en/chicken-noodle-soup-casserole/
/en/cinnamon-roasted-butternut-squash-pasta-salad-with-brussels-sprouts-pecans-and-dried-cranberries/,https://schnellrezept.com/en/cinnamon-roasted-butternut-squash-pasta-salad-with-brussels-sprouts-pecans-and-dried-cranberries/
/en/and-dairy-free-pumpkin-pie-with-almond-milk/,https://schnellrezept.com/en/and-dairy-free-pumpkin-pie-with-almond-milk/
/en/cottage-cheese-stuffed-shells-recipe/,https://schnellrezept.com/en/cottage-cheese-stuffed-shells-recipe/
/en/cottage-cheese-vanilla-ice-cream/,https://schnellrezept.com/en/cottage-cheese-vanilla-ice-cream/
/en/brown-sugar-pecan-pie/,https://schnellrezept.com/en/brown-sugar-pecan-pie/
/en/marry-me-chicken-soup/,https://schnellrezept.com/en/marry-me-chicken-soup/
/en/pork-tenderloin-stew/,https://schnellrezept.com/en/pork-tenderloin-stew/
/en/scalloped-red-potatoes/,https://schnellrezept.com/en/scalloped-red-potatoes/
/en/cranberry-pineapple-pecan-cheese-ball/,https://schnellrezept.com/en/cranberry-pineapple-pecan-cheese-ball/
/en/scalloped-potatoes-for-a-crowd/,https://schnellrezept.com/en/scalloped-potatoes-for-a-crowd/
/en/italian-spaghetti-with-meat-sauce/,https://schnellrezept.com/en/italian-spaghetti-with-meat-sauce/
/en/christmas-stuffed-flank-steak/,https://schnellrezept.com/en/christmas-stuffed-flank-steak/
/en/cottage-cheese-turkey-meatballs/,https://schnellrezept.com/en/cottage-cheese-turkey-meatballs/
/en/caramelized-pumpkin-pie/,https://schnellrezept.com/en/caramelized-pumpkin-pie/
/en/cranberry-and-stuffing-turkey-meatballs/,https://schnellrezept.com/en/cranberry-and-stuffing-turkey-meatballs/
/en/chicken-nugget-casserole-recipe/,https://schnellrezept.com/en/chicken-nugget-casserole-recipe/
/en/tuna-casserole-with-cream-of-chicken/,https://schnellrezept.com/en/tuna-casserole-with-cream-of-chicken/
/en/chicken-breast-with-asparagus-and-cheese/,https://schnellrezept.com/en/chicken-breast-with-asparagus-and-cheese/
/en/crockpot-marry-me-chicken-soup/,https://schnellrezept.com/en/crockpot-marry-me-chicken-soup/
/en/chicken-potato-casserole/,https://schnellrezept.com/en/chicken-potato-casserole/
/en/tomato-tortellini-soup/,https://schnellrezept.com/en/tomato-tortellini-soup/
/en/christmas-morning-breakfast-casserole/,https://schnellrezept.com/en/christmas-morning-breakfast-casserole/
/en/sweet-potato-ground-beef-casserole/,https://schnellrezept.com/en/sweet-potato-ground-beef-casserole/
/en/christmas-cookies-with-graham-crackers/,https://schnellrezept.com/en/christmas-cookies-with-graham-crackers/
/en/beef-noodle-casserole-recipe/,https://schnellrezept.com/en/beef-noodle-casserole-recipe/
/en/french-toast-waffles/,https://schnellrezept.com/en/french-toast-waffles/
/en/cracked-out-hashbrown-breakfast-casserole/,https://schnellrezept.com/en/cracked-out-hashbrown-breakfast-casserole/
/en/caesar-salad/,https://schnellrezept.com/en/caesar-salad/
/en/cottage-cheese-hashbrown-casserole/,https://schnellrezept.com/en/cottage-cheese-hashbrown-casserole/
/en/marry-me-chicken-gnocchi-soup/,https://schnellrezept.com/en/marry-me-chicken-gnocchi-soup/
/en/gilmore-girls-pumpkin-pancakes/,https://schnellrezept.com/en/gilmore-girls-pumpkin-pancakes/
/en/christmas-cookies-with-egg-whites/,https://schnellrezept.com/en/christmas-cookies-with-egg-whites/
/en/pumpkin-pie-with-gingersnap-crust/,https://schnellrezept.com/en/pumpkin-pie-with-gingersnap-crust/
/en/roasted-turkey-thighs/,https://schnellrezept.com/en/roasted-turkey-thighs/
/en/baked-mac-and-cheese-with-velveeta/,https://schnellrezept.com/en/baked-mac-and-cheese-with-velveeta/
/en/air-fryer-apples/,https://schnellrezept.com/en/air-fryer-apples/
/en/broccoli-and-cream-cheese-casserole/,https://schnellrezept.com/en/broccoli-and-cream-cheese-casserole/
/en/christmas-cookies-with-white-cake/,https://schnellrezept.com/en/christmas-cookies-with-white-cake/
/en/baked-feta-spaghetti-squash/,https://schnellrezept.com/en/baked-feta-spaghetti-squash/
/en/hummingbird-cake-scones/,https://schnellrezept.com/en/hummingbird-cake-scones/
/en/christmas-peppermint-fudge/,https://schnellrezept.com/en/christmas-peppermint-fudge/
/en/christmas-cookies-with-cornstarch/,https://schnellrezept.com/en/christmas-cookies-with-cornstarch/
/en/marry-me-chickpeas/,https://schnellrezept.com/en/marry-me-chickpeas/
/en/cinnamon-pumpkin-pancakes/,https://schnellrezept.com/en/cinnamon-pumpkin-pancakes/
/en/marry-me-chicken-orzo-soup/,https://schnellrezept.com/en/marry-me-chicken-orzo-soup/
/en/pumpkin-pie-brulee/,https://schnellrezept.com/en/pumpkin-pie-brulee/
/en/pumpkin-pie-with-coconut-milk/,https://schnellrezept.com/en/pumpkin-pie-with-coconut-milk/
/en/mustard-glazed-spiral-ham/,https://schnellrezept.com/en/mustard-glazed-spiral-ham/
/en/christmas-peppermint-martini/,https://schnellrezept.com/en/christmas-peppermint-martini/
/en/parmesan-roasted-potatoes/,https://schnellrezept.com/en/parmesan-roasted-potatoes/
/en/cranberry-pecan-cheese-ball-bites/,https://schnellrezept.com/en/cranberry-pecan-cheese-ball-bites/
/en/drunk-witch-halloween-drink/,https://schnellrezept.com/en/drunk-witch-halloween-drink/
/en/slow-cooker-breakfast-casserole/,https://schnellrezept.com/en/slow-cooker-breakfast-casserole/
/en/candied-sweet-potatoes/,https://schnellrezept.com/en/candied-sweet-potatoes/
/en/lemon-pudding-cheesecake/,https://schnellrezept.com/en/lemon-pudding-cheesecake/
/en/fall-off-the-bone-instant-pot-braised-short-ribs/,https://schnellrezept.com/en/fall-off-the-bone-instant-pot-braised-short-ribs/
/en/roasted-turkey-in-oven-bag/,https://schnellrezept.com/en/roasted-turkey-in-oven-bag/
/en/chicken-breast-with-cherry-tomatoes/,https://schnellrezept.com/en/chicken-breast-with-cherry-tomatoes/
/en/30-minute-oatmeal-chocolate-chip-muffins/,https://schnellrezept.com/en/30-minute-oatmeal-chocolate-chip-muffins/
/en/pioneer-womans-beef-stroganoff/,https://schnellrezept.com/en/pioneer-womans-beef-stroganoff/
/en/roasted-maple-pecan-acorn-squash/,https://schnellrezept.com/en/roasted-maple-pecan-acorn-squash/
/en/one-pot-mac-and-cheese/,https://schnellrezept.com/en/one-pot-mac-and-cheese/
/en/christmas-cookies-with-toffee-bits/,https://schnellrezept.com/en/christmas-cookies-with-toffee-bits/
/en/pumpkin-pie-from-scratch-recipe/,https://schnellrezept.com/en/pumpkin-pie-from-scratch-recipe/
/en/3-ingredient-cranberry-brie-bites/,https://schnellrezept.com/en/3-ingredient-cranberry-brie-bites/
/en/christmas-cookies-with-heavy-cream/,https://schnellrezept.com/en/christmas-cookies-with-heavy-cream/
/en/christmas-rum-balls-recipe/,https://schnellrezept.com/en/christmas-rum-balls-recipe/
/en/lemon-cake/,https://schnellrezept.com/en/lemon-cake/
/en/pumpkin-pie-granola-recipe/,https://schnellrezept.com/en/pumpkin-pie-granola-recipe/
/en/chocolate-chip-zucchini-bread/,https://schnellrezept.com/en/chocolate-chip-zucchini-bread/
/en/instant-pot-mac-and-cheese/,https://schnellrezept.com/en/instant-pot-mac-and-cheese/
/en/gordon-ramsays-beef-stroganoff/,https://schnellrezept.com/en/gordon-ramsays-beef-stroganoff/
/en/christmas-peppermint-cocktails/,https://schnellrezept.com/en/christmas-peppermint-cocktails/
/en/christmas-cookies/,https://schnellrezept.com/en/christmas-cookies/
/en/christmas-cookies-with-dates/,https://schnellrezept.com/en/christmas-cookies-with-dates/
/en/pork-tenderloin-with-gravy/,https://schnellrezept.com/en/pork-tenderloin-with-gravy/
/en/crockpot-mac-and-cheese/,https://schnellrezept.com/en/crockpot-mac-and-cheese/
/en/brussels-sprouts-gratin-with-blue-cheese/,https://schnellrezept.com/en/brussels-sprouts-gratin-with-blue-cheese/
/en/pumpkin-hand-pies/,https://schnellrezept.com/en/pumpkin-hand-pies/
/en/christmas-cookies-with-cardamom/,https://schnellrezept.com/en/christmas-cookies-with-cardamom/
/en/candied-sweet-potatoes-with-marshmallows/,https://schnellrezept.com/en/candied-sweet-potatoes-with-marshmallows/
/en/cottage-cheese-zucchini-bread-recipe/,https://schnellrezept.com/en/cottage-cheese-zucchini-bread-recipe/
/en/fall-salad/,https://schnellrezept.com/en/fall-salad/
/en/apple-upside-down-cake/,https://schnellrezept.com/en/apple-upside-down-cake/
/en/slow-cooker-beef-stew/,https://schnellrezept.com/en/slow-cooker-beef-stew/
/en/mashed-potatoes-with-chicken-broth/,https://schnellrezept.com/en/mashed-potatoes-with-chicken-broth/
/en/old-school-chicken-and-rice-casserole/,https://schnellrezept.com/en/old-school-chicken-and-rice-casserole/
/en/pumpkin-muffins/,https://schnellrezept.com/en/pumpkin-muffins/
/en/marry-me-chicken-soup-with-spinach/,https://schnellrezept.com/en/marry-me-chicken-soup-with-spinach/
/en/christmas-cookies-with-walnut-filling/,https://schnellrezept.com/en/christmas-cookies-with-walnut-filling/
/en/portuguese-christmas-cookies/,https://schnellrezept.com/en/portuguese-christmas-cookies/
/en/chicken-casserole/,https://schnellrezept.com/en/chicken-casserole/
/en/pecan-pie-bars/,https://schnellrezept.com/en/pecan-pie-bars/
/en/german-octoberfest-sausage-casserole/,https://schnellrezept.com/en/german-octoberfest-sausage-casserole/
/en/cottage-cheese-yeast-bread/,https://schnellrezept.com/en/cottage-cheese-yeast-bread/
/en/beef-lasagna/,https://schnellrezept.com/en/beef-lasagna/
/en/julia-childs-eggs-benedict/,https://schnellrezept.com/en/julia-childs-eggs-benedict/
/en/veggie-omelet-casserole/,https://schnellrezept.com/en/veggie-omelet-casserole/
/en/chicken-breast-with-cream-sauce/,https://schnellrezept.com/en/chicken-breast-with-cream-sauce/
/en/cinnamon-big-apple-fritters/,https://schnellrezept.com/en/cinnamon-big-apple-fritters/
/en/blueberry-chiffon-cake/,https://schnellrezept.com/en/blueberry-chiffon-cake/
/en/chocolate-pumpkin-patch-dirt-cups/,https://schnellrezept.com/en/chocolate-pumpkin-patch-dirt-cups/
/en/christmas-cookies-with-vanilla-pudding/,https://schnellrezept.com/en/christmas-cookies-with-vanilla-pudding/
/en/chicken-breast-with-cream-of-chicken-recipe/,https://schnellrezept.com/en/chicken-breast-with-cream-of-chicken-recipe/
/en/doritos-pumpkin-shaped-cheese-ball/,https://schnellrezept.com/en/doritos-pumpkin-shaped-cheese-ball/
/en/crock-pot-marry-me-chicken/,https://schnellrezept.com/en/crock-pot-marry-me-chicken/
/en/cottage-cheese-ziti-recipe/,https://schnellrezept.com/en/cottage-cheese-ziti-recipe/
/en/cream-corn-casserole-recipe/,https://schnellrezept.com/en/cream-corn-casserole-recipe/
/en/spiced-apple-cider-donut-cake/,https://schnellrezept.com/en/spiced-apple-cider-donut-cake/
/en/irish-potato-soup-with-bacon-and-cabbage/,https://schnellrezept.com/en/irish-potato-soup-with-bacon-and-cabbage/
/en/cottage-cheese-spaghetti-squash/,https://schnellrezept.com/en/cottage-cheese-spaghetti-squash/
/en/crockpot-breakfast-casserole/,https://schnellrezept.com/en/crockpot-breakfast-casserole/
/en/pumpkin-orange-scones/,https://schnellrezept.com/en/pumpkin-orange-scones/
/en/dutch-oven-mac-and-cheese/,https://schnellrezept.com/en/dutch-oven-mac-and-cheese/
/en/30-minute-puff-pastry-pecan-pie-bites/,https://schnellrezept.com/en/30-minute-puff-pastry-pecan-pie-bites/
/en/pumpkin-pie-with-evaporated-milk/,https://schnellrezept.com/en/pumpkin-pie-with-evaporated-milk/
/en/yogurt-christmas-cookies-recipe/,https://schnellrezept.com/en/yogurt-christmas-cookies-recipe/
/en/beef-stroganoff/,https://schnellrezept.com/en/beef-stroganoff/
/en/cinnamon-texas-french-toast/,https://schnellrezept.com/en/cinnamon-texas-french-toast/
/en/cottage-cheese-tzatziki-dip/,https://schnellrezept.com/en/cottage-cheese-tzatziki-dip/
/en/beef-enchilada-casserole/,https://schnellrezept.com/en/beef-enchilada-casserole/
/en/mashed-potatoes-with-red-potatoes/,https://schnellrezept.com/en/mashed-potatoes-with-red-potatoes/
/en/pizza-casserole-recipe/,https://schnellrezept.com/en/pizza-casserole-recipe/
/en/cottage-cheese-homemade-recipe/,https://schnellrezept.com/en/cottage-cheese-homemade-recipe/
/en/cinnamon-roll-french-toast-casserole/,https://schnellrezept.com/en/cinnamon-roll-french-toast-casserole/
/en/chick-fil-a-mac-and-cheese/,https://schnellrezept.com/en/chick-fil-a-mac-and-cheese/
/en/pumpkin-pie-cheesecake-recipe/,https://schnellrezept.com/en/pumpkin-pie-cheesecake-recipe/
/en/cottage-cheese-knorr-spinach-dip/,https://schnellrezept.com/en/cottage-cheese-knorr-spinach-dip/
/en/baked-mac-and-cheese/,https://schnellrezept.com/en/baked-mac-and-cheese/
/en/yugoslavian-christmas-cookies/,https://schnellrezept.com/en/yugoslavian-christmas-cookies/
/en/french-onion-pasta/,https://schnellrezept.com/en/french-onion-pasta/
/en/anti-inflammatory-turmeric-chicken-soup/,https://schnellrezept.com/en/anti-inflammatory-turmeric-chicken-soup/
/en/tomato-soup-and-rice/,https://schnellrezept.com/en/tomato-soup-and-rice/
/en/mac-and-cheese-casserole-recipe/,https://schnellrezept.com/en/mac-and-cheese-casserole-recipe/
/en/pumpkin-pie-with-biscoff-crust/,https://schnellrezept.com/en/pumpkin-pie-with-biscoff-crust/
/en/christmas-peppermint-fluff-dip/,https://schnellrezept.com/en/christmas-peppermint-fluff-dip/
/en/old-fashioned-pecan-pie/,https://schnellrezept.com/en/old-fashioned-pecan-pie/
/en/halloumi-carbonara/,https://schnellrezept.com/en/halloumi-carbonara/
/en/chicken-breast-with-italian-bread-crumbs/,https://schnellrezept.com/en/chicken-breast-with-italian-bread-crumbs/
/en/beef-stroganoff-with-noodles/,https://schnellrezept.com/en/beef-stroganoff-with-noodles/
/en/slow-cooked-beef-bourguignon/,https://schnellrezept.com/en/slow-cooked-beef-bourguignon/
/en/carbonara/,https://schnellrezept.com/en/carbonara/
/en/chicken-shepherds-pie/,https://schnellrezept.com/en/chicken-shepherds-pie/
/en/chicken-and-stuffing-casserole/,https://schnellrezept.com/en/chicken-and-stuffing-casserole/
/en/chicken-divan-casserole-recipe/,https://schnellrezept.com/en/chicken-divan-casserole-recipe/
/en/christmas-cookies-with-condensed-milk/,https://schnellrezept.com/en/christmas-cookies-with-condensed-milk/
/en/christmas-stuffed-chicken-breast/,https://schnellrezept.com/en/christmas-stuffed-chicken-breast/
/en/mac-and-cheese-tuna-casserole/,https://schnellrezept.com/en/mac-and-cheese-tuna-casserole/
/en/marry-me-chicken-soup-keto/,https://schnellrezept.com/en/marry-me-chicken-soup-keto/
/en/pumpkin-chocolate-chip-streusel-bread/,https://schnellrezept.com/en/pumpkin-chocolate-chip-streusel-bread/
/en/browned-butter-apple-cider-cookies/,https://schnellrezept.com/en/browned-butter-apple-cider-cookies/
/en/corn-casserole/,https://schnellrezept.com/en/corn-casserole/
/en/gordon-ramsay-beef-stroganoff/,https://schnellrezept.com/en/gordon-ramsay-beef-stroganoff/
/en/christmas-cookies-with-cool-whip/,https://schnellrezept.com/en/christmas-cookies-with-cool-whip/
/en/thanksgiving-pot-pie/,https://schnellrezept.com/en/thanksgiving-pot-pie/
/en/christmas-amaretto-cookies/,https://schnellrezept.com/en/christmas-amaretto-cookies/
/en/southern-candied-sweet-potatoes/,https://schnellrezept.com/en/southern-candied-sweet-potatoes/
/en/christmas-gingerbread-cupcakes/,https://schnellrezept.com/en/christmas-gingerbread-cupcakes/
/en/christmas-peppermint-hot-chocolate/,https://schnellrezept.com/en/christmas-peppermint-hot-chocolate/
/en/cream-of-vegetable-soup/,https://schnellrezept.com/en/cream-of-vegetable-soup/
/en/okra-and-rice-casserole-recipe/,https://schnellrezept.com/en/okra-and-rice-casserole-recipe/
/en/christmas-gingerbread-man-cookies/,https://schnellrezept.com/en/christmas-gingerbread-man-cookies/
/en/harry-potter-butterbeer-cookies/,https://schnellrezept.com/en/harry-potter-butterbeer-cookies/
/en/velveeta-scalloped-potatoes/,https://schnellrezept.com/en/velveeta-scalloped-potatoes/
/en/nutmeg-eggnog-cheesecake/,https://schnellrezept.com/en/nutmeg-eggnog-cheesecake/
/en/christmas-peppermint-ice-cream/,https://schnellrezept.com/en/christmas-peppermint-ice-cream/
/en/tomato-soup-with-heavy-cream/,https://schnellrezept.com/en/tomato-soup-with-heavy-cream/
/en/oyster-casserole-recipe/,https://schnellrezept.com/en/oyster-casserole-recipe/
/en/christmas-cookies-with-salted-butter/,https://schnellrezept.com/en/christmas-cookies-with-salted-butter/
/en/cottage-cheese-vodka-pasta-sauce/,https://schnellrezept.com/en/cottage-cheese-vodka-pasta-sauce/
/en/inas-apple-pie-bars/,https://schnellrezept.com/en/inas-apple-pie-bars/
/en/condensed-milk-pecan-pie/,https://schnellrezept.com/en/condensed-milk-pecan-pie/
/en/christmas-peppermint-cheesecake/,https://schnellrezept.com/en/christmas-peppermint-cheesecake/
/en/cottage-cheese-truffles/,https://schnellrezept.com/en/cottage-cheese-truffles/
/en/pecan-southern-sweet-potato-casserole/,https://schnellrezept.com/en/pecan-southern-sweet-potato-casserole/
/en/sourdough-apple-cider-cookies/,https://schnellrezept.com/en/sourdough-apple-cider-cookies/
/en/cottage-cheese-almond-flour-pancakes/,https://schnellrezept.com/en/cottage-cheese-almond-flour-pancakes/
/en/old-fashioned-dinner-rolls/,https://schnellrezept.com/en/old-fashioned-dinner-rolls/
/en/crispy-crock-pot-birria-tacos/,https://schnellrezept.com/en/crispy-crock-pot-birria-tacos/
/en/vanilla-french-toast/,https://schnellrezept.com/en/vanilla-french-toast/
/en/christmas-cookies-with-almond-flour/,https://schnellrezept.com/en/christmas-cookies-with-almond-flour/
/en/black-bean-casserole-recipe/,https://schnellrezept.com/en/black-bean-casserole-recipe/
/en/dinner-rolls/,https://schnellrezept.com/en/dinner-rolls/
/en/pastitsio-greek-lasagna/,https://schnellrezept.com/en/pastitsio-greek-lasagna/
/en/pumpkin-pie-with-condensed-milk/,https://schnellrezept.com/en/pumpkin-pie-with-condensed-milk/
/en/amish-recipe-for-apple-fritters/,https://schnellrezept.com/en/amish-recipe-for-apple-fritters/
/en/christmas-stuffed-pasta-recipe/,https://schnellrezept.com/en/christmas-stuffed-pasta-recipe/
/en/food-jiffy-cornbread-casserole/,https://schnellrezept.com/en/food-jiffy-cornbread-casserole/
/en/white-bean-mushroom-stew/,https://schnellrezept.com/en/white-bean-mushroom-stew/
/en/rustic-old-fashioned-beef-stew/,https://schnellrezept.com/en/rustic-old-fashioned-beef-stew/
/en/baked-spaghetti/,https://schnellrezept.com/en/baked-spaghetti/
/en/cottage-cheese-smoked-salmon-toast/,https://schnellrezept.com/en/cottage-cheese-smoked-salmon-toast/
/en/crockpot-cinnamon-roll-casserole/,https://schnellrezept.com/en/crockpot-cinnamon-roll-casserole/
/en/witch-hat-halloween-cookies/,https://schnellrezept.com/en/witch-hat-halloween-cookies/
/en/balsamic-chicken/,https://schnellrezept.com/en/balsamic-chicken/
/en/tuna-casserole-with-cream-cheese/,https://schnellrezept.com/en/tuna-casserole-with-cream-cheese/
/en/christmas-cookies-russian-tea-cakes/,https://schnellrezept.com/en/christmas-cookies-russian-tea-cakes/
/en/christmas-cookies-with-heath-bits/,https://schnellrezept.com/en/christmas-cookies-with-heath-bits/
/en/italian-lasagna-soup/,https://schnellrezept.com/en/italian-lasagna-soup/
/en/cauliflower-rice-with-ground-beef/,https://schnellrezept.com/en/cauliflower-rice-with-ground-beef/
/en/butternut-squash-casserole/,https://schnellrezept.com/en/butternut-squash-casserole/
/en/herb-stuffing/,https://schnellrezept.com/en/herb-stuffing/
/en/pumpkin-pie-greek-yogurt/,https://schnellrezept.com/en/pumpkin-pie-greek-yogurt/
/en/christmas-cookies-with-butterscotch/,https://schnellrezept.com/en/christmas-cookies-with-butterscotch/
/en/cottage-cheese-salted-caramel-ice-cream/,https://schnellrezept.com/en/cottage-cheese-salted-caramel-ice-cream/
/en/pumpkin-cheesecake/,https://schnellrezept.com/en/pumpkin-cheesecake/
/en/cottage-cheese-sourdough-bread/,https://schnellrezept.com/en/cottage-cheese-sourdough-bread/
/en/roasted-balsamic-soy-garlic-mushrooms/,https://schnellrezept.com/en/roasted-balsamic-soy-garlic-mushrooms/
/en/paula-deens-baked-mac-and-cheese/,https://schnellrezept.com/en/paula-deens-baked-mac-and-cheese/
/en/cranberry-sauce-pound-cake/,https://schnellrezept.com/en/cranberry-sauce-pound-cake/
/en/chicken-breast-with-egg-noodles/,https://schnellrezept.com/en/chicken-breast-with-egg-noodles/
/en/mexican-christmas-cookies-recipe/,https://schnellrezept.com/en/mexican-christmas-cookies-recipe/
/en/christmas-cookies-with-cookie-press/,https://schnellrezept.com/en/christmas-cookies-with-cookie-press/
/en/pumpkin-pie-cookies/,https://schnellrezept.com/en/pumpkin-pie-cookies/
/en/feta-spaghetti-squash/,https://schnellrezept.com/en/feta-spaghetti-squash/
/en/pumpkin-cinnamon-scones/,https://schnellrezept.com/en/pumpkin-cinnamon-scones/
/en/biscuit-and-gravy-casserole/,https://schnellrezept.com/en/biscuit-and-gravy-casserole/
/en/graveyard-dirt-cake-cups/,https://schnellrezept.com/en/graveyard-dirt-cake-cups/
/en/chicken-cordon-bleu-casserole/,https://schnellrezept.com/en/chicken-cordon-bleu-casserole/
/en/herb-creamy-pork-tenderloin/,https://schnellrezept.com/en/herb-creamy-pork-tenderloin/
/en/cottage-cheese-pickle-dip/,https://schnellrezept.com/en/cottage-cheese-pickle-dip/
/en/christmas-stuffed-dates/,https://schnellrezept.com/en/christmas-stuffed-dates/
/en/marshmallow-rice-krispies-halloween-brains/,https://schnellrezept.com/en/marshmallow-rice-krispies-halloween-brains/
/en/ham-and-potato-casserole/,https://schnellrezept.com/en/ham-and-potato-casserole/
/en/black-bean-pumpkin-soup/,https://schnellrezept.com/en/black-bean-pumpkin-soup/
/en/pioneer-womans-pecan-pie/,https://schnellrezept.com/en/pioneer-womans-pecan-pie/
/en/cinnamon-french-toast-biscuits/,https://schnellrezept.com/en/cinnamon-french-toast-biscuits/
/en/christmas-cookies-for-babies/,https://schnellrezept.com/en/christmas-cookies-for-babies/
/en/egg-bake-casserole-recipe/,https://schnellrezept.com/en/egg-bake-casserole-recipe/
/en/chicken-breast-with-artichoke-hearts/,https://schnellrezept.com/en/chicken-breast-with-artichoke-hearts/
/en/coconut-christmas-cookies-recipe/,https://schnellrezept.com/en/coconut-christmas-cookies-recipe/
/en/campbells-tuna-casserole/,https://schnellrezept.com/en/campbells-tuna-casserole/
/en/pizza-pasta-bake/,https://schnellrezept.com/en/pizza-pasta-bake/
/en/crockpot-white-chicken-chili-soup/,https://schnellrezept.com/en/crockpot-white-chicken-chili-soup/
/en/potato-gratin/,https://schnellrezept.com/en/potato-gratin/
/en/crock-pot-pork-loin-roast/,https://schnellrezept.com/en/crock-pot-pork-loin-roast/
/en/halloween-brimstone-bread/,https://schnellrezept.com/en/halloween-brimstone-bread/
/en/dutch-oven-pot-roast/,https://schnellrezept.com/en/dutch-oven-pot-roast/
/en/sandwiches-for-parties/,https://schnellrezept.com/en/sandwiches-for-parties/
/en/chicken-caesar-pasta-salad/,https://schnellrezept.com/en/chicken-caesar-pasta-salad/
/en/christmas-cookies-with-almond-paste/,https://schnellrezept.com/en/christmas-cookies-with-almond-paste/
/en/greek-lemon-chicken-soup/,https://schnellrezept.com/en/greek-lemon-chicken-soup/
/en/pancake-casserole-recipe/,https://schnellrezept.com/en/pancake-casserole-recipe/
/en/amish-white-bread/,https://schnellrezept.com/en/amish-white-bread/
/en/mashed-potatoes-with-heavy-cream/,https://schnellrezept.com/en/mashed-potatoes-with-heavy-cream/
/en/dutch-apple-pie/,https://schnellrezept.com/en/dutch-apple-pie/
/en/christmas-peppermint-sugar-cookies/,https://schnellrezept.com/en/christmas-peppermint-sugar-cookies/
/en/latke-eggs-benedict/,https://schnellrezept.com/en/latke-eggs-benedict/
/en/southern-pecan-pie/,https://schnellrezept.com/en/southern-pecan-pie/
/en/butternut-squash-casserole-recipe/,https://schnellrezept.com/en/butternut-squash-casserole-recipe/
/en/slow-cooker-zuppa-toscana-soup/,https://schnellrezept.com/en/slow-cooker-zuppa-toscana-soup/
/en/paula-deens-pecan-pie/,https://schnellrezept.com/en/paula-deens-pecan-pie/
/en/ground-beef-orzo-with-tomato-cream-sauce/,https://schnellrezept.com/en/ground-beef-orzo-with-tomato-cream-sauce/
/en/christmas-stuffed-shells-recipe/,https://schnellrezept.com/en/christmas-stuffed-shells-recipe/
/en/egg-hashbrown-casserole/,https://schnellrezept.com/en/egg-hashbrown-casserole/
/en/chicken-noodle-casserole-recipe/,https://schnellrezept.com/en/chicken-noodle-casserole-recipe/
/en/crab-casserole-recipe/,https://schnellrezept.com/en/crab-casserole-recipe/
/en/christmas-stuffed-beef-tenderloin/,https://schnellrezept.com/en/christmas-stuffed-beef-tenderloin/
/en/apple-zucchini-bread/,https://schnellrezept.com/en/apple-zucchini-bread/
/en/christmas-cookies-for-diabetics/,https://schnellrezept.com/en/christmas-cookies-for-diabetics/
/en/peppermint-christmas-float/,https://schnellrezept.com/en/peppermint-christmas-float/
/en/christmas-gingerbread-cake-recipe/,https://schnellrezept.com/en/christmas-gingerbread-cake-recipe/
/en/cottage-cheese-oven-pancakes/,https://schnellrezept.com/en/cottage-cheese-oven-pancakes/
/en/apple-puff-pastry/,https://schnellrezept.com/en/apple-puff-pastry/
/en/cottage-cheese-pesto/,https://schnellrezept.com/en/cottage-cheese-pesto/
/en/christmas-stuffed-pork-roast/,https://schnellrezept.com/en/christmas-stuffed-pork-roast/
/en/key-lime-angel-food-cake/,https://schnellrezept.com/en/key-lime-angel-food-cake/
/en/crescent-roll-breakfast-casserole/,https://schnellrezept.com/en/crescent-roll-breakfast-casserole/
/en/butter-cookies-with-yellow-cake/,https://schnellrezept.com/en/butter-cookies-with-yellow-cake/
/en/italian-christmas-cookies/,https://schnellrezept.com/en/italian-christmas-cookies/
/en/two-ingredient-cottage-cheese-tots/,https://schnellrezept.com/en/two-ingredient-cottage-cheese-tots/
/en/dark-chocolate-pumpkin-tart/,https://schnellrezept.com/en/dark-chocolate-pumpkin-tart/
/en/christmas-stuffed-mushrooms/,https://schnellrezept.com/en/christmas-stuffed-mushrooms/
/en/seafood-casserole-recipe/,https://schnellrezept.com/en/seafood-casserole-recipe/
/en/soothing-hangover-cure-garlic-potato-soup/,https://schnellrezept.com/en/soothing-hangover-cure-garlic-potato-soup/
/en/wild-mushroom-caramelized-onion-and-kale-soup/,https://schnellrezept.com/en/wild-mushroom-caramelized-onion-and-kale-soup/
/en/french-onion-pot-roast/,https://schnellrezept.com/en/french-onion-pot-roast/
/en/campbells-green-bean-casserole/,https://schnellrezept.com/en/campbells-green-bean-casserole/
/en/orzo-pasta-salad-with-feta-and-sun-dried-tomatoes/,https://schnellrezept.com/en/orzo-pasta-salad-with-feta-and-sun-dried-tomatoes/
/en/tuna-casserole-with-egg-noodles/,https://schnellrezept.com/en/tuna-casserole-with-egg-noodles/
/en/pork-rind-sausage-balls/,https://schnellrezept.com/en/pork-rind-sausage-balls/
/en/apple-muffins-for-babies/,https://schnellrezept.com/en/apple-muffins-for-babies/
/en/christmas-jam-canning/,https://schnellrezept.com/en/christmas-jam-canning/
/en/cottage-cheese-toast-with-chili-oil/,https://schnellrezept.com/en/cottage-cheese-toast-with-chili-oil/
/en/beef-lo-mein-stir-fry/,https://schnellrezept.com/en/beef-lo-mein-stir-fry/
/en/mini-pineapple-upside-down-cake-recipe/,https://schnellrezept.com/en/mini-pineapple-upside-down-cake-recipe/
/en/pork-tenderloin-fried-rice/,https://schnellrezept.com/en/pork-tenderloin-fried-rice/
/en/cottage-cheese-chickpea-salad/,https://schnellrezept.com/en/cottage-cheese-chickpea-salad/
/en/cottage-cheese-edible-brownie-batter/,https://schnellrezept.com/en/cottage-cheese-edible-brownie-batter/
/en/spinach-artichoke-chicken-with-cottage-cheese/,https://schnellrezept.com/en/spinach-artichoke-chicken-with-cottage-cheese/
/en/crockpot-beer-brats/,https://schnellrezept.com/en/crockpot-beer-brats/
/en/bacon-jalapeno-popper-cheese-balls/,https://schnellrezept.com/en/bacon-jalapeno-popper-cheese-balls/
/en/blood-orange-cranberry-sangria/,https://schnellrezept.com/en/blood-orange-cranberry-sangria/
/en/pumpkin-french-toast/,https://schnellrezept.com/en/pumpkin-french-toast/
/en/mango-jalapeno-jam/,https://schnellrezept.com/en/mango-jalapeno-jam/
/en/kodiak-pumpkin-muffins/,https://schnellrezept.com/en/kodiak-pumpkin-muffins/
/en/cranberry-orange-pecan-muffins/,https://schnellrezept.com/en/cranberry-orange-pecan-muffins/
/en/cranberry-orange-cream-cheese-dip/,https://schnellrezept.com/en/cranberry-orange-cream-cheese-dip/
/en/cottage-cheese-almond-flour-bagels/,https://schnellrezept.com/en/cottage-cheese-almond-flour-bagels/
/en/friendly-pumpkin-muffins/,https://schnellrezept.com/en/friendly-pumpkin-muffins/
/en/pineapple-cucumber-salad/,https://schnellrezept.com/en/pineapple-cucumber-salad/
/en/maple-glazed-salmon/,https://schnellrezept.com/en/maple-glazed-salmon/
/en/cottage-cheese-burger-sauce/,https://schnellrezept.com/en/cottage-cheese-burger-sauce/
/en/apple-cake-with-cake-mix/,https://schnellrezept.com/en/apple-cake-with-cake-mix/
/en/chewy-chai-spiced-molasses-cookies/,https://schnellrezept.com/en/chewy-chai-spiced-molasses-cookies/
/en/cottage-cheese-yogurt-cheesecake/,https://schnellrezept.com/en/cottage-cheese-yogurt-cheesecake/
/en/cranberry-walnut-cream-cheese-dip/,https://schnellrezept.com/en/cranberry-walnut-cream-cheese-dip/
/en/cottage-cheese-dole-whip/,https://schnellrezept.com/en/cottage-cheese-dole-whip/
/en/hatch-chile-sourdough/,https://schnellrezept.com/en/hatch-chile-sourdough/
/en/cranberry-apple-margarita-recipe/,https://schnellrezept.com/en/cranberry-apple-margarita-recipe/
/en/pumpkin-pudding-dump-cake/,https://schnellrezept.com/en/pumpkin-pudding-dump-cake/
/en/jennifer-aniston-salad/,https://schnellrezept.com/en/jennifer-aniston-salad/
/en/cottage-cheese-avocado-bowl/,https://schnellrezept.com/en/cottage-cheese-avocado-bowl/
/en/cottage-cheese-pizza-crust/,https://schnellrezept.com/en/cottage-cheese-pizza-crust/
/en/everything-bagel-grilled-cheese/,https://schnellrezept.com/en/everything-bagel-grilled-cheese/
/en/bacon-avocado-toast/,https://schnellrezept.com/en/bacon-avocado-toast/
/en/roasted-pumpkin-with-yogurt-sauce-and-pine-nuts/,https://schnellrezept.com/en/roasted-pumpkin-with-yogurt-sauce-and-pine-nuts/
/en/mini-pumpkin-bread-with-cinnamon-swirl/,https://schnellrezept.com/en/mini-pumpkin-bread-with-cinnamon-swirl/
/en/high-protein-crispy-rice-salad/,https://schnellrezept.com/en/high-protein-crispy-rice-salad/
/en/lemon-angel-food-cake/,https://schnellrezept.com/en/lemon-angel-food-cake/
/en/jamaican-jerk-cornish-hens/,https://schnellrezept.com/en/jamaican-jerk-cornish-hens/
/en/roasted-vegetable-medley-for-thanksgiving/,https://schnellrezept.com/en/roasted-vegetable-medley-for-thanksgiving/
/en/cranberry-moscow-mule-pitcher/,https://schnellrezept.com/en/cranberry-moscow-mule-pitcher/
/en/gingerbread-brownies/,https://schnellrezept.com/en/gingerbread-brownies/
/en/crockpot-chicken-chili-verde/,https://schnellrezept.com/en/crockpot-chicken-chili-verde/
/en/pumpkin-scones-with-heavy-cream/,https://schnellrezept.com/en/pumpkin-scones-with-heavy-cream/
/en/sun-dried-tomato-butter/,https://schnellrezept.com/en/sun-dried-tomato-butter/
/en/chili-con-carne-hot-dogs/,https://schnellrezept.com/en/chili-con-carne-hot-dogs/
/en/sun-dried-tomato-bagels/,https://schnellrezept.com/en/sun-dried-tomato-bagels/
/en/cottage-cheese-cinnamon-rolls/,https://schnellrezept.com/en/cottage-cheese-cinnamon-rolls/
/en/gingerbread-biscotti-recipe/,https://schnellrezept.com/en/gingerbread-biscotti-recipe/
/en/chocolate-chip-pumpkin-bread/,https://schnellrezept.com/en/chocolate-chip-pumpkin-bread/
/en/roasted-vegetable-quinoa-medley/,https://schnellrezept.com/en/roasted-vegetable-quinoa-medley/
/en/cranberry-cream-cheese-dip-with-sour-cream/,https://schnellrezept.com/en/cranberry-cream-cheese-dip-with-sour-cream/
/en/pumpkin-greek-yogurt-pancakes/,https://schnellrezept.com/en/pumpkin-greek-yogurt-pancakes/
/en/spiced-pear-cake/,https://schnellrezept.com/en/spiced-pear-cake/
/en/apple-fritter-cake-recipe/,https://schnellrezept.com/en/apple-fritter-cake-recipe/
/en/cottage-cheese-buffalo-chicken-wrap/,https://schnellrezept.com/en/cottage-cheese-buffalo-chicken-wrap/
/en/roasted-butternut-squash-with-ground-beef/,https://schnellrezept.com/en/roasted-butternut-squash-with-ground-beef/
/en/fried-chicken-egg-rolls/,https://schnellrezept.com/en/fried-chicken-egg-rolls/
/en/high-protein-pepperoni-pizza-rolls/,https://schnellrezept.com/en/high-protein-pepperoni-pizza-rolls/
/en/oreo-witch-hat-cookies/,https://schnellrezept.com/en/oreo-witch-hat-cookies/
/en/thai-pumpkin-curry/,https://schnellrezept.com/en/thai-pumpkin-curry/
/en/espresso-cottage-cheese-ice-cream/,https://schnellrezept.com/en/espresso-cottage-cheese-ice-cream/
/en/hatch-green-chile-steak-roll-ups/,https://schnellrezept.com/en/hatch-green-chile-steak-roll-ups/
/en/libbys-pumpkin-muffins/,https://schnellrezept.com/en/libbys-pumpkin-muffins/
/en/amish-christmas-jam/,https://schnellrezept.com/en/amish-christmas-jam/
/en/toddler-sausage-balls/,https://schnellrezept.com/en/toddler-sausage-balls/
/en/spiced-pear-upside-down-cake/,https://schnellrezept.com/en/spiced-pear-upside-down-cake/
/en/apple-turnovers-with-phyllo-dough/,https://schnellrezept.com/en/apple-turnovers-with-phyllo-dough/
/en/christmas-jam-sandwich-cookies/,https://schnellrezept.com/en/christmas-jam-sandwich-cookies/
/en/gnocchi-with-caramelized-onions-and-gruyere/,https://schnellrezept.com/en/gnocchi-with-caramelized-onions-and-gruyere/
/en/caramelized-onions-for-hotdogs/,https://schnellrezept.com/en/caramelized-onions-for-hotdogs/
/en/caramelized-onions-flatbread/,https://schnellrezept.com/en/caramelized-onions-flatbread/
/en/maple-sugar-cookies/,https://schnellrezept.com/en/maple-sugar-cookies/
/en/apple-muffins/,https://schnellrezept.com/en/apple-muffins/
/en/baked-apple-cider-donuts/,https://schnellrezept.com/en/baked-apple-cider-donuts/
/en/oatmeal-raisin-cookie-bars/,https://schnellrezept.com/en/oatmeal-raisin-cookie-bars/
/en/cinnamon-baked-apples/,https://schnellrezept.com/en/cinnamon-baked-apples/
/en/cottage-cheese-lemon-ice-cream/,https://schnellrezept.com/en/cottage-cheese-lemon-ice-cream/
/en/pumpkin-french-toast-for-toddlers/,https://schnellrezept.com/en/pumpkin-french-toast-for-toddlers/
/en/southwestern-chicken-salad/,https://schnellrezept.com/en/southwestern-chicken-salad/
/en/pico-de-gallo-canning-recipe/,https://schnellrezept.com/en/pico-de-gallo-canning-recipe/
/en/cranberry-apple-christmas-jam/,https://schnellrezept.com/en/cranberry-apple-christmas-jam/
/en/chicken-breast-with-zucchini-and-squash/,https://schnellrezept.com/en/chicken-breast-with-zucchini-and-squash/
/en/jalapeno-pepper-jelly/,https://schnellrezept.com/en/jalapeno-pepper-jelly/
/en/christmas-jam-without-pectin/,https://schnellrezept.com/en/christmas-jam-without-pectin/
/en/garlic-bread-focaccia/,https://schnellrezept.com/en/garlic-bread-focaccia/
/en/gordon-ramsays-chili-con-carne/,https://schnellrezept.com/en/gordon-ramsays-chili-con-carne/
/en/dehydrated-caramelized-onions/,https://schnellrezept.com/en/dehydrated-caramelized-onions/
/en/almond-flour-pumpkin-spice-cookies/,https://schnellrezept.com/en/almond-flour-pumpkin-spice-cookies/
/en/crispy-rice-steak-salad/,https://schnellrezept.com/en/crispy-rice-steak-salad/
/en/apple-cider-sangria-with-caramel-vodka/,https://schnellrezept.com/en/apple-cider-sangria-with-caramel-vodka/
/en/greek-yogurt-lemon-coffee-cake/,https://schnellrezept.com/en/greek-yogurt-lemon-coffee-cake/
/en/caramelized-onions-jam/,https://schnellrezept.com/en/caramelized-onions-jam/
/en/lemon-meringue-pie-tartlets/,https://schnellrezept.com/en/lemon-meringue-pie-tartlets/
/en/cranberry-orange-sangria/,https://schnellrezept.com/en/cranberry-orange-sangria/
/en/cottage-cheese-beef-stroganoff/,https://schnellrezept.com/en/cottage-cheese-beef-stroganoff/
/en/marry-me-roasted-vegetable-medley/,https://schnellrezept.com/en/marry-me-roasted-vegetable-medley/
/en/cottage-cheese-oatmeal-cookies-recipe/,https://schnellrezept.com/en/cottage-cheese-oatmeal-cookies-recipe/
/en/cottage-cheese-dark-chocolate-mousse/,https://schnellrezept.com/en/cottage-cheese-dark-chocolate-mousse/
/en/hatch-chile-tamales/,https://schnellrezept.com/en/hatch-chile-tamales/
/en/venison-sausage-balls/,https://schnellrezept.com/en/venison-sausage-balls/
/en/mushroom-pasta-bake/,https://schnellrezept.com/en/mushroom-pasta-bake/
/en/white-chocolate-pumpkin-scones-with-espresso-glaze/,https://schnellrezept.com/en/white-chocolate-pumpkin-scones-with-espresso-glaze/
/en/cottage-cheese-carbonara/,https://schnellrezept.com/en/cottage-cheese-carbonara/
/en/lemon-curd-cake/,https://schnellrezept.com/en/lemon-curd-cake/
/en/gingerbread-cookie-bars/,https://schnellrezept.com/en/gingerbread-cookie-bars/
/en/cottage-cheese-deviled-eggs/,https://schnellrezept.com/en/cottage-cheese-deviled-eggs/
/en/pasta-e-fagioli-soup/,https://schnellrezept.com/en/pasta-e-fagioli-soup/
/en/zucchini-sauce/,https://schnellrezept.com/en/zucchini-sauce/
/en/gluten-free-pumpkin-french-toast-casserole/,https://schnellrezept.com/en/gluten-free-pumpkin-french-toast-casserole/
/en/gluten-free-scalloped-potatoes/,https://schnellrezept.com/en/gluten-free-scalloped-potatoes/
/en/vegan-angel-food-cake/,https://schnellrezept.com/en/vegan-angel-food-cake/
/en/peach-pie/,https://schnellrezept.com/en/peach-pie/
/en/sugar-free-angel-food-cake/,https://schnellrezept.com/en/sugar-free-angel-food-cake/
/en/pumpkin-cream-cheese-bundt-cake/,https://schnellrezept.com/en/pumpkin-cream-cheese-bundt-cake/
/en/pumpkin-muffins-for-dogs/,https://schnellrezept.com/en/pumpkin-muffins-for-dogs/
/en/applesauce-pork-tenderloin/,https://schnellrezept.com/en/applesauce-pork-tenderloin/
/en/keto-pumpkin-muffins/,https://schnellrezept.com/en/keto-pumpkin-muffins/
/en/lemon-cheesecake-cake/,https://schnellrezept.com/en/lemon-cheesecake-cake/
/en/sausage-stuffing-balls/,https://schnellrezept.com/en/sausage-stuffing-balls/
/en/pumpkin-chocolate-chip-baked-oatmeal/,https://schnellrezept.com/en/pumpkin-chocolate-chip-baked-oatmeal/
/en/toffee-cookies/,https://schnellrezept.com/en/toffee-cookies/
/en/cottage-cheese-greek-chicken-bowl/,https://schnellrezept.com/en/cottage-cheese-greek-chicken-bowl/
/en/old-fashioned-lemon-meringue-pie/,https://schnellrezept.com/en/old-fashioned-lemon-meringue-pie/
/en/cranberry-pepper-jelly-cream-cheese-dip/,https://schnellrezept.com/en/cranberry-pepper-jelly-cream-cheese-dip/
/en/scalloped-potatoes-without-cheese/,https://schnellrezept.com/en/scalloped-potatoes-without-cheese/
/en/butternut-squash-curry/,https://schnellrezept.com/en/butternut-squash-curry/
/en/oat-flour-pumpkin-muffins/,https://schnellrezept.com/en/oat-flour-pumpkin-muffins/
/en/vanilla-custard-fruit-tart/,https://schnellrezept.com/en/vanilla-custard-fruit-tart/
/en/jamaican-fried-chicken/,https://schnellrezept.com/en/jamaican-fried-chicken/
/en/cranberry-relish-cream-cheese-dip/,https://schnellrezept.com/en/cranberry-relish-cream-cheese-dip/
/en/horchata-recipe/,https://schnellrezept.com/en/horchata-recipe/
/en/cottage-cheese-french-toast/,https://schnellrezept.com/en/cottage-cheese-french-toast/
/en/crockpot-tuna-casserole/,https://schnellrezept.com/en/crockpot-tuna-casserole/
/en/cottage-cheese-dumplings-recipe/,https://schnellrezept.com/en/cottage-cheese-dumplings-recipe/
/en/scalloped-potatoes-and-pork-chops/,https://schnellrezept.com/en/scalloped-potatoes-and-pork-chops/
/en/sweet-potato-bites/,https://schnellrezept.com/en/sweet-potato-bites/
/en/melt-in-your-mouth-pumpkin-cookies/,https://schnellrezept.com/en/melt-in-your-mouth-pumpkin-cookies/
/en/pumpkin-mug-muffin/,https://schnellrezept.com/en/pumpkin-mug-muffin/
/en/cottage-cheese-cilantro-lime-dressing/,https://schnellrezept.com/en/cottage-cheese-cilantro-lime-dressing/
/en/crockpot-lasagna/,https://schnellrezept.com/en/crockpot-lasagna/
/en/cottage-cheese-green-chili-egg-bake/,https://schnellrezept.com/en/cottage-cheese-green-chili-egg-bake/
/en/crockpot-baked-apples/,https://schnellrezept.com/en/crockpot-baked-apples/
/en/applesauce-brownies/,https://schnellrezept.com/en/applesauce-brownies/
/en/dunkin-pumpkin-muffins/,https://schnellrezept.com/en/dunkin-pumpkin-muffins/
/en/cottage-cheese-caesar-dressing/,https://schnellrezept.com/en/cottage-cheese-caesar-dressing/
/en/pumpkin-pasta-sauce/,https://schnellrezept.com/en/pumpkin-pasta-sauce/
/en/12-best-casserole-recipes-for-dinner/,https://schnellrezept.com/en/12-best-casserole-recipes-for-dinner/
/en/caramel-stuffed-apple-cider-cookies/,https://schnellrezept.com/en/caramel-stuffed-apple-cider-cookies/
/en/passover-coconut-macaroons/,https://schnellrezept.com/en/passover-coconut-macaroons/
/en/vegan-pumpkin-fudge/,https://schnellrezept.com/en/vegan-pumpkin-fudge/
/en/garlic-udon-noodles/,https://schnellrezept.com/en/garlic-udon-noodles/
/en/pumpkin-lasagna/,https://schnellrezept.com/en/pumpkin-lasagna/
/en/zucchini-fritters/,https://schnellrezept.com/en/zucchini-fritters/
/en/beef-udon-noodles/,https://schnellrezept.com/en/beef-udon-noodles/
/en/lemon-meringue-pie-cheesecake/,https://schnellrezept.com/en/lemon-meringue-pie-cheesecake/
/en/stir-fried-udon-noodles/,https://schnellrezept.com/en/stir-fried-udon-noodles/
/en/pumpkin-cream-cheese-brownies/,https://schnellrezept.com/en/pumpkin-cream-cheese-brownies/
/en/crescent-mummy-dogs/,https://schnellrezept.com/en/crescent-mummy-dogs/
/en/lemon-blueberry-yogurt-loaf/,https://schnellrezept.com/en/lemon-blueberry-yogurt-loaf/
/en/cake-mix-apple-cobbler/,https://schnellrezept.com/en/cake-mix-apple-cobbler/
/en/scalloped-potatoes-and-ham-casserole/,https://schnellrezept.com/en/scalloped-potatoes-and-ham-casserole/
/en/two-ingredient-pumpkin-spice-cake/,https://schnellrezept.com/en/two-ingredient-pumpkin-spice-cake/
/en/roasted-butternut-squash-pasta-salad/,https://schnellrezept.com/en/roasted-butternut-squash-pasta-salad/
/en/cottage-cheese-blender-muffins/,https://schnellrezept.com/en/cottage-cheese-blender-muffins/
/en/turkey-sausage-balls/,https://schnellrezept.com/en/turkey-sausage-balls/
/en/cottage-cheese-onion-dip/,https://schnellrezept.com/en/cottage-cheese-onion-dip/
/en/sugar-free-pumpkin-pancakes/,https://schnellrezept.com/en/sugar-free-pumpkin-pancakes/
/en/roasted-butternut-squash-breakfast/,https://schnellrezept.com/en/roasted-butternut-squash-breakfast/
/en/banana-pudding/,https://schnellrezept.com/en/banana-pudding/
/en/jalapeno-popper-sausage-balls/,https://schnellrezept.com/en/jalapeno-popper-sausage-balls/
/en/peanut-butter-bars/,https://schnellrezept.com/en/peanut-butter-bars/
/en/blueberry-cream-cheese-bars/,https://schnellrezept.com/en/blueberry-cream-cheese-bars/
/en/mushroom-pasta/,https://schnellrezept.com/en/mushroom-pasta/
/en/lemon-meringue-pie-shooters/,https://schnellrezept.com/en/lemon-meringue-pie-shooters/
/en/chocolate-chip-pecan-cookies/,https://schnellrezept.com/en/chocolate-chip-pecan-cookies/
/en/flourless-pumpkin-muffins/,https://schnellrezept.com/en/flourless-pumpkin-muffins/
/en/cranberry-apricot-cream-cheese-dip/,https://schnellrezept.com/en/cranberry-apricot-cream-cheese-dip/
/en/cottage-cheese-greek-yogurt-cheesecake/,https://schnellrezept.com/en/cottage-cheese-greek-yogurt-cheesecake/
/en/pumpkin-cream-cheese-french-toast/,https://schnellrezept.com/en/pumpkin-cream-cheese-french-toast/
/en/smoked-sausage-balls/,https://schnellrezept.com/en/smoked-sausage-balls/
/en/air-fryer-baked-apples/,https://schnellrezept.com/en/air-fryer-baked-apples/
/en/pumpkin-cake-trifle/,https://schnellrezept.com/en/pumpkin-cake-trifle/
/en/fried-chicken-ice-cream/,https://schnellrezept.com/en/fried-chicken-ice-cream/
/en/keto-lemon-cheesecake/,https://schnellrezept.com/en/keto-lemon-cheesecake/
/en/cottage-cheese-porridge/,https://schnellrezept.com/en/cottage-cheese-porridge/
/en/tuna-casserole-no-canned-soup/,https://schnellrezept.com/en/tuna-casserole-no-canned-soup/
/en/paleo-pumpkin-cookies/,https://schnellrezept.com/en/paleo-pumpkin-cookies/
/en/pineapple-upside-down-cake-in-cast-iron-skillet/,https://schnellrezept.com/en/pineapple-upside-down-cake-in-cast-iron-skillet/
/en/caramelized-onion-soup/,https://schnellrezept.com/en/caramelized-onion-soup/
/en/eyeball-deviled-eggs/,https://schnellrezept.com/en/eyeball-deviled-eggs/
/en/maple-bourbon-smash/,https://schnellrezept.com/en/maple-bourbon-smash/
/en/avocado-pico-de-gallo/,https://schnellrezept.com/en/avocado-pico-de-gallo/
/en/pumpkin-smoothie-no-banana/,https://schnellrezept.com/en/pumpkin-smoothie-no-banana/
/en/sweet-potato-pasta-salad/,https://schnellrezept.com/en/sweet-potato-pasta-salad/
/en/jumbo-pumpkin-muffins/,https://schnellrezept.com/en/jumbo-pumpkin-muffins/
/en/lemon-cheesecake-cocktail/,https://schnellrezept.com/en/lemon-cheesecake-cocktail/
/en/microwave-baked-apples/,https://schnellrezept.com/en/microwave-baked-apples/
/en/creamy-jalapeno-sauce/,https://schnellrezept.com/en/creamy-jalapeno-sauce/
/en/apple-turnovers-with-pie-crust/,https://schnellrezept.com/en/apple-turnovers-with-pie-crust/
/en/au-gratin-shepherds-pie/,https://schnellrezept.com/en/au-gratin-shepherds-pie/
/en/strawberry-icebox-cake/,https://schnellrezept.com/en/strawberry-icebox-cake/
/en/sweet-potato-gnocchi/,https://schnellrezept.com/en/sweet-potato-gnocchi/
/en/bisquick-pumpkin-muffins/,https://schnellrezept.com/en/bisquick-pumpkin-muffins/
/en/caramel-popcorn-cake/,https://schnellrezept.com/en/caramel-popcorn-cake/
/en/butterscotch-cookies/,https://schnellrezept.com/en/butterscotch-cookies/
/en/no-bake-butterscotch-cookies/,https://schnellrezept.com/en/no-bake-butterscotch-cookies/
/en/balsamic-chicken-freezer-meal/,https://schnellrezept.com/en/balsamic-chicken-freezer-meal/
/en/gluten-free-butterscotch-cookies/,https://schnellrezept.com/en/gluten-free-butterscotch-cookies/
/en/fig-bars/,https://schnellrezept.com/en/fig-bars/
/en/lemon-layer-cake/,https://schnellrezept.com/en/lemon-layer-cake/
/en/pumpkin-cream-cheese-roll/,https://schnellrezept.com/en/pumpkin-cream-cheese-roll/
/en/vegan-coconut-macaroons/,https://schnellrezept.com/en/vegan-coconut-macaroons/
/en/sourdough-cranberry-orange-muffins/,https://schnellrezept.com/en/sourdough-cranberry-orange-muffins/
/en/butterscotch-pudding-cookies/,https://schnellrezept.com/en/butterscotch-pudding-cookies/
/en/lemon-cake-cups/,https://schnellrezept.com/en/lemon-cake-cups/
/en/angel-food-cake-french-toast/,https://schnellrezept.com/en/angel-food-cake-french-toast/
/en/apple-cider-sangria-with-prosecco/,https://schnellrezept.com/en/apple-cider-sangria-with-prosecco/
/en/gluten-free-angel-food-cake/,https://schnellrezept.com/en/gluten-free-angel-food-cake/
/en/trader-joes-pumpkin-brioche-french-toast/,https://schnellrezept.com/en/trader-joes-pumpkin-brioche-french-toast/
/en/vegan-pumpkin-smoothie/,https://schnellrezept.com/en/vegan-pumpkin-smoothie/
/en/keto-cottage-cheese-fudge/,https://schnellrezept.com/en/keto-cottage-cheese-fudge/
/en/pumpkin-cream-cheese-cupcakes/,https://schnellrezept.com/en/pumpkin-cream-cheese-cupcakes/
/en/cottage-cheese-omelette-recipe/,https://schnellrezept.com/en/cottage-cheese-omelette-recipe/
/en/cottage-cheese-blueberry-toast/,https://schnellrezept.com/en/cottage-cheese-blueberry-toast/
/en/pumpkin-apple-baked-oatmeal/,https://schnellrezept.com/en/pumpkin-apple-baked-oatmeal/
/en/vegan-mushroom-risotto/,https://schnellrezept.com/en/vegan-mushroom-risotto/
/en/cottage-cheese-cinnamon-toast/,https://schnellrezept.com/en/cottage-cheese-cinnamon-toast/
/en/vegan-pumpkin-pasta/,https://schnellrezept.com/en/vegan-pumpkin-pasta/
/en/2-ingredient-pumpkin-spice-cookies/,https://schnellrezept.com/en/2-ingredient-pumpkin-spice-cookies/
/en/keto-angel-food-cake/,https://schnellrezept.com/en/keto-angel-food-cake/
/en/old-fashioned-gingerbread-cookies/,https://schnellrezept.com/en/old-fashioned-gingerbread-cookies/
/en/pumpkin-pasta-bake/,https://schnellrezept.com/en/pumpkin-pasta-bake/
/en/gluten-free-snickerdoodle-cookies/,https://schnellrezept.com/en/gluten-free-snickerdoodle-cookies/
/en/candy-corn-brownies/,https://schnellrezept.com/en/candy-corn-brownies/
/en/jalapeno-cheddar-pretzel-twists/,https://schnellrezept.com/en/jalapeno-cheddar-pretzel-twists/
/en/low-calorie-pumpkin-muffins/,https://schnellrezept.com/en/low-calorie-pumpkin-muffins/
/en/lemon-loaf-cake/,https://schnellrezept.com/en/lemon-loaf-cake/
/en/pumpkin-lactation-muffins/,https://schnellrezept.com/en/pumpkin-lactation-muffins/
/en/pumpkin-bars-with-cream-cheese-frosting/,https://schnellrezept.com/en/pumpkin-bars-with-cream-cheese-frosting/
/en/honey-pumpkin-cookies/,https://schnellrezept.com/en/honey-pumpkin-cookies/
/en/apple-cobbler/,https://schnellrezept.com/en/apple-cobbler/
/en/pumpkin-molasses-cookies/,https://schnellrezept.com/en/pumpkin-molasses-cookies/
/en/cranberry-pasta-salad/,https://schnellrezept.com/en/cranberry-pasta-salad/
/en/spaghetti-and-meat-sauce/,https://schnellrezept.com/en/spaghetti-and-meat-sauce/
/en/pumpkin-spice-white-russian/,https://schnellrezept.com/en/pumpkin-spice-white-russian/
/en/oatmeal-chocolate-chip-pecan-cookies/,https://schnellrezept.com/en/oatmeal-chocolate-chip-pecan-cookies/
/en/silky-garlic-butter-chicken-alfredo/,https://schnellrezept.com/en/silky-garlic-butter-chicken-alfredo/
/en/15-easy-high-protein-high-fiber-dinners-you-can-make-in-30-minutes-or-less/,https://schnellrezept.com/en/15-easy-high-protein-high-fiber-dinners-you-can-make-in-30-minutes-or-less/
/en/candy-corn-cookies/,https://schnellrezept.com/en/candy-corn-cookies/
/en/blueberry-cream-cheese-bread/,https://schnellrezept.com/en/blueberry-cream-cheese-bread/
/en/paleo-pumpkin-scones/,https://schnellrezept.com/en/paleo-pumpkin-scones/
/en/chai-tea-latte/,https://schnellrezept.com/en/chai-tea-latte/
/en/pumpkin-bread-for-dogs/,https://schnellrezept.com/en/pumpkin-bread-for-dogs/
/en/high-altitude-pumpkin-bread/,https://schnellrezept.com/en/high-altitude-pumpkin-bread/
/en/caramel-apple-snickerdoodle-cookies/,https://schnellrezept.com/en/caramel-apple-snickerdoodle-cookies/
/en/einkorn-pumpkin-bread/,https://schnellrezept.com/en/einkorn-pumpkin-bread/
/en/libbys-pumpkin-bread/,https://schnellrezept.com/en/libbys-pumpkin-bread/
/en/pumpkin-scones/,https://schnellrezept.com/en/pumpkin-scones/
/en/cottage-cheese-cloud-bread/,https://schnellrezept.com/en/cottage-cheese-cloud-bread/
/en/sourdough-sausage-balls/,https://schnellrezept.com/en/sourdough-sausage-balls/
/en/pumpkin-brioche-french-toast/,https://schnellrezept.com/en/pumpkin-brioche-french-toast/
/en/poison-apple-cocktail/,https://schnellrezept.com/en/poison-apple-cocktail/
/en/peach-cobbler-rolls/,https://schnellrezept.com/en/peach-cobbler-rolls/
/en/hawaiian-roll-pumpkin-french-toast/,https://schnellrezept.com/en/hawaiian-roll-pumpkin-french-toast/
/en/pumpkin-oatmeal-scones/,https://schnellrezept.com/en/pumpkin-oatmeal-scones/
/en/pumpkin-bread-with-maple-glaze/,https://schnellrezept.com/en/pumpkin-bread-with-maple-glaze/
/en/cottage-cheese-oatmeal-bread/,https://schnellrezept.com/en/cottage-cheese-oatmeal-bread/
/en/pumpkin-oat-bread/,https://schnellrezept.com/en/pumpkin-oat-bread/
/en/pumpkin-banana-bread-mini-loaves/,https://schnellrezept.com/en/pumpkin-banana-bread-mini-loaves/
/en/applesauce-bread/,https://schnellrezept.com/en/applesauce-bread/
/en/horchata-coffee/,https://schnellrezept.com/en/horchata-coffee/
/en/pumpkin-oatmeal-banana-bread/,https://schnellrezept.com/en/pumpkin-oatmeal-banana-bread/
/en/cheesy-broccoli-pasta/,https://schnellrezept.com/en/cheesy-broccoli-pasta/
/en/glazed-pumpkin-bread/,https://schnellrezept.com/en/glazed-pumpkin-bread/
/en/pumpkin-bread/,https://schnellrezept.com/en/pumpkin-bread/
/en/focaccia-french-toast/,https://schnellrezept.com/en/focaccia-french-toast/
/en/caramelized-onion-focaccia/,https://schnellrezept.com/en/caramelized-onion-focaccia/
/en/horchata-latte-recipe/,https://schnellrezept.com/en/horchata-latte-recipe/
/en/paleo-pumpkin-bread/,https://schnellrezept.com/en/paleo-pumpkin-bread/
/en/sun-dried-tomato-sourdough-bread/,https://schnellrezept.com/en/sun-dried-tomato-sourdough-bread/
/en/keto-pumpkin-bread/,https://schnellrezept.com/en/keto-pumpkin-bread/
/en/vegan-pumpkin-bread/,https://schnellrezept.com/en/vegan-pumpkin-bread/
/en/pumpkin-butter-muffins/,https://schnellrezept.com/en/pumpkin-butter-muffins/
/en/low-sugar-pumpkin-bread/,https://schnellrezept.com/en/low-sugar-pumpkin-bread/
/en/pumpkin-bread-with-olive-oil/,https://schnellrezept.com/en/pumpkin-bread-with-olive-oil/
/en/large-batch-pumpkin-bread/,https://schnellrezept.com/en/large-batch-pumpkin-bread/
/en/mini-pumpkin-bread-loaves/,https://schnellrezept.com/en/mini-pumpkin-bread-loaves/
/en/ham-and-cheese-focaccia/,https://schnellrezept.com/en/ham-and-cheese-focaccia/
/en/pumpkin-banana-zucchini-bread/,https://schnellrezept.com/en/pumpkin-banana-zucchini-bread/
/en/einkorn-pumpkin-muffins/,https://schnellrezept.com/en/einkorn-pumpkin-muffins/
/en/focaccia-genovese/,https://schnellrezept.com/en/focaccia-genovese/
/en/cowboy-beans/,https://schnellrezept.com/en/cowboy-beans/
/en/balsamic-chicken-with-cherry-tomatoes/,https://schnellrezept.com/en/balsamic-chicken-with-cherry-tomatoes/
/en/apple-turnovers-from-scratch/,https://schnellrezept.com/en/apple-turnovers-from-scratch/
/en/sausage-stuffed-jalapenos/,https://schnellrezept.com/en/sausage-stuffed-jalapenos/
/en/sausage-balls-with-self-rising-flour/,https://schnellrezept.com/en/sausage-balls-with-self-rising-flour/
/en/caramelized-onion-tartlets/,https://schnellrezept.com/en/caramelized-onion-tartlets/
/en/pumpkin-cream-cheese-bites/,https://schnellrezept.com/en/pumpkin-cream-cheese-bites/
/en/grilled-cheese-croutons/,https://schnellrezept.com/en/grilled-cheese-croutons/
/en/sun-dried-tomato-bruschetta/,https://schnellrezept.com/en/sun-dried-tomato-bruschetta/
/en/pomegranate-bruschetta/,https://schnellrezept.com/en/pomegranate-bruschetta/
/en/spider-web-taco-dip/,https://schnellrezept.com/en/spider-web-taco-dip/
/en/air-fryer-scalloped-potatoes/,https://schnellrezept.com/en/air-fryer-scalloped-potatoes/
/en/sticky-chicken-fried-rice/,https://schnellrezept.com/en/sticky-chicken-fried-rice/
/en/hot-honey-melted-feta-chicken/,https://schnellrezept.com/en/hot-honey-melted-feta-chicken/
/en/creamy-sausage-potato-chowder/,https://schnellrezept.com/en/creamy-sausage-potato-chowder/
/en/green-olive-dip/,https://schnellrezept.com/en/green-olive-dip/
/en/fresh-pasta-salad/,https://schnellrezept.com/en/fresh-pasta-salad/
/en/chicken-recipes-for-dinner/,https://schnellrezept.com/en/chicken-recipes-for-dinner/
/en/baked-churro-bites/,https://schnellrezept.com/en/baked-churro-bites/
/en/crockpot-beef-stew/,https://schnellrezept.com/en/crockpot-beef-stew/
/en/sugar-free-almond-flour-peanut-butter-cookies/,https://schnellrezept.com/en/sugar-free-almond-flour-peanut-butter-cookies/
/en/cucumber-lemon-orzo-salad/,https://schnellrezept.com/en/cucumber-lemon-orzo-salad/
/en/christmas-stuffed-pork-tenderloin/,https://schnellrezept.com/en/christmas-stuffed-pork-tenderloin/
/en/cabbage-fat-burning-soup/,https://schnellrezept.com/en/cabbage-fat-burning-soup/
/en/cinnamon-butter-baked-sweet-potato/,https://schnellrezept.com/en/cinnamon-butter-baked-sweet-potato/
/en/tangy-dill-pickle-sourdough-bread/,https://schnellrezept.com/en/tangy-dill-pickle-sourdough-bread/
/en/sweet-christmas-cranberry-jam/,https://schnellrezept.com/en/sweet-christmas-cranberry-jam/
/en/mushroom-stuffed-chicken-breast/,https://schnellrezept.com/en/mushroom-stuffed-chicken-breast/
/en/christmas-peppermint-creams/,https://schnellrezept.com/en/christmas-peppermint-creams/
/en/werthers-caramel-popcorn-copycat/,https://schnellrezept.com/en/werthers-caramel-popcorn-copycat/
/en/blt-wraps-with-chipotle-mayo/,https://schnellrezept.com/en/blt-wraps-with-chipotle-mayo/
/en/green-onion-zucchini-cheddar-quick-bread/,https://schnellrezept.com/en/green-onion-zucchini-cheddar-quick-bread/
/en/christmas-cranberry-jalapeno-dip/,https://schnellrezept.com/en/christmas-cranberry-jalapeno-dip/
/en/raspberry-swirl-brownies/,https://schnellrezept.com/en/raspberry-swirl-brownies/
/en/broccoli-pasta-salad-recipe/,https://schnellrezept.com/en/broccoli-pasta-salad-recipe/
/en/sweet-potato-cornbread-recipe/,https://schnellrezept.com/en/sweet-potato-cornbread-recipe/
/en/almond-flour-coconut-sugar-cookies/,https://schnellrezept.com/en/almond-flour-coconut-sugar-cookies/
/en/20-minute-fig-jam-pizza-with-goat-cheese-and-prosciutto/,https://schnellrezept.com/en/20-minute-fig-jam-pizza-with-goat-cheese-and-prosciutto/
/en/sweet-potato-hash-browns/,https://schnellrezept.com/en/sweet-potato-hash-browns/
/en/roasted-butternut-squash-with-ground-turkey/,https://schnellrezept.com/en/roasted-butternut-squash-with-ground-turkey/
/en/crockpot-chicken-and-gravy/,https://schnellrezept.com/en/crockpot-chicken-and-gravy/
/en/cucumber-pasta-salad/,https://schnellrezept.com/en/cucumber-pasta-salad/
/en/christmas-cranberry-meatballs/,https://schnellrezept.com/en/christmas-cranberry-meatballs/
/en/beef-stew-and-dumplings/,https://schnellrezept.com/en/beef-stew-and-dumplings/
/en/cucumber-salad-sandwiches/,https://schnellrezept.com/en/cucumber-salad-sandwiches/
/en/cucumber-mozzarella-salad/,https://schnellrezept.com/en/cucumber-mozzarella-salad/
/en/rotisserie-chicken-gnocchi-soup/,https://schnellrezept.com/en/rotisserie-chicken-gnocchi-soup/
/en/chicken-and-broccoli-nuggets-for-baby/,https://schnellrezept.com/en/chicken-and-broccoli-nuggets-for-baby/
/en/angel-cake-churro-bites/,https://schnellrezept.com/en/angel-cake-churro-bites/
/en/spaghetti-squash-au-gratin/,https://schnellrezept.com/en/spaghetti-squash-au-gratin/
/en/christmas-salad-with-honey-mustard-dressing/,https://schnellrezept.com/en/christmas-salad-with-honey-mustard-dressing/
/en/low-carb-chicken-casserole/,https://schnellrezept.com/en/low-carb-chicken-casserole/
/en/christmas-peppermint-pie/,https://schnellrezept.com/en/christmas-peppermint-pie/
/en/jiffy-corn-casserole/,https://schnellrezept.com/en/jiffy-corn-casserole/
/en/chicken-pot-pie-pasta/,https://schnellrezept.com/en/chicken-pot-pie-pasta/
/en/cottage-cheese-orzo/,https://schnellrezept.com/en/cottage-cheese-orzo/
/en/blt-wraps-with-secret-sauce/,https://schnellrezept.com/en/blt-wraps-with-secret-sauce/
/en/grinder-tortellini-salad/,https://schnellrezept.com/en/grinder-tortellini-salad/
/en/caprese-pasta-salad/,https://schnellrezept.com/en/caprese-pasta-salad/
/en/blueberry-french-toast-casserole/,https://schnellrezept.com/en/blueberry-french-toast-casserole/
/en/light-and-healthy-broccoli-pasta/,https://schnellrezept.com/en/light-and-healthy-broccoli-pasta/
/en/butter-beans-with-leeks/,https://schnellrezept.com/en/butter-beans-with-leeks/
/en/sweet-air-fryer-churro-bites-recipe/,https://schnellrezept.com/en/sweet-air-fryer-churro-bites-recipe/
/en/christmas-cranberry-roll-ups/,https://schnellrezept.com/en/christmas-cranberry-roll-ups/
/en/rotisserie-chicken-tostadas/,https://schnellrezept.com/en/rotisserie-chicken-tostadas/
/en/strawberry-shortcake-puppy-chow/,https://schnellrezept.com/en/strawberry-shortcake-puppy-chow/
/en/christmas-cranberry-orange-cookies-recipe/,https://schnellrezept.com/en/christmas-cranberry-orange-cookies-recipe/
/en/creamy-chicken-and-noodles/,https://schnellrezept.com/en/creamy-chicken-and-noodles/
/en/zucchini-pecan-bar-recipe/,https://schnellrezept.com/en/zucchini-pecan-bar-recipe/
/en/loaded-southwest-quinoa-salad/,https://schnellrezept.com/en/loaded-southwest-quinoa-salad/
/en/cheddar-biscuit-chicken-cobbler/,https://schnellrezept.com/en/cheddar-biscuit-chicken-cobbler/
/en/aglio-olio-pasta-salad-with-kale/,https://schnellrezept.com/en/aglio-olio-pasta-salad-with-kale/
/en/classic-italian-pastas/,https://schnellrezept.com/en/classic-italian-pastas/
/en/paula-deen-broccoli-casserole-recipe/,https://schnellrezept.com/en/paula-deen-broccoli-casserole-recipe/
/en/turkey-gravy-recipe/,https://schnellrezept.com/en/turkey-gravy-recipe/
/en/broccoli-salad-recipe/,https://schnellrezept.com/en/broccoli-salad-recipe/
/en/crock-pot-marry-me-chicken-recipe/,https://schnellrezept.com/en/crock-pot-marry-me-chicken-recipe/
/en/paula-deens-crockpot-mac-and-cheese-recipe/,https://schnellrezept.com/en/paula-deens-crockpot-mac-and-cheese-recipe/
/en/pecan-pie-bars-recipe/,https://schnellrezept.com/en/pecan-pie-bars-recipe/
/en/frosted-coffee-brownies-recipe/,https://schnellrezept.com/en/frosted-coffee-brownies-recipe/
/en/slow-cooker-amish-green-bean-casserole/,https://schnellrezept.com/en/slow-cooker-amish-green-bean-casserole/
/en/mini-cheese-danish/,https://schnellrezept.com/en/mini-cheese-danish/
/en/crockpot-ham-and-potato-casserole/,https://schnellrezept.com/en/crockpot-ham-and-potato-casserole/
/en/homemade-dandy-do-cookies-recipe/,https://schnellrezept.com/en/homemade-dandy-do-cookies-recipe/
/en/authentic-italian-carbonara-with-bacon/,https://schnellrezept.com/en/authentic-italian-carbonara-with-bacon/
/en/cranberry-turkey-stuffing-balls/,https://schnellrezept.com/en/cranberry-turkey-stuffing-balls/
/en/not-yo-mamas-banana-pudding/,https://schnellrezept.com/en/not-yo-mamas-banana-pudding/
/en/hashbrown-casserole/,https://schnellrezept.com/en/hashbrown-casserole/
/en/homemade-big-mac-sauce/,https://schnellrezept.com/en/homemade-big-mac-sauce/
/en/southern-style-goulash/,https://schnellrezept.com/en/southern-style-goulash/
/en/envelope-roast/,https://schnellrezept.com/en/envelope-roast/
/en/cream-cheese-crescent-rolls/,https://schnellrezept.com/en/cream-cheese-crescent-rolls/
/en/monterey-sausage-pie/,https://schnellrezept.com/en/monterey-sausage-pie/
/en/patty-melts-with-secret-sauce/,https://schnellrezept.com/en/patty-melts-with-secret-sauce/
/en/school-pizza/,https://schnellrezept.com/en/school-pizza/
/en/copycat-cracker-barrel-chicken-and-dumplings/,https://schnellrezept.com/en/copycat-cracker-barrel-chicken-and-dumplings/
/en/chocolate-eclair-cake/,https://schnellrezept.com/en/chocolate-eclair-cake/
/en/salisbury-steak-meatballs/,https://schnellrezept.com/en/salisbury-steak-meatballs/
/en/pistachio-pineapple-cake/,https://schnellrezept.com/en/pistachio-pineapple-cake/
/en/butterfinger-balls/,https://schnellrezept.com/en/butterfinger-balls/
/en/perfect-homemade-cornbread/,https://schnellrezept.com/en/perfect-homemade-cornbread/
/en/crockpot-polish-sausage-sauerkraut-and-potatoes/,https://schnellrezept.com/en/crockpot-polish-sausage-sauerkraut-and-potatoes/
/en/biscuits-and-gravy-breakfast-casserole/,https://schnellrezept.com/en/biscuits-and-gravy-breakfast-casserole/
/en/peanut-butter-balls-recipe/,https://schnellrezept.com/en/peanut-butter-balls-recipe/
/en/hash-brown-crust-bacon-and-cheddar-quiche/,https://schnellrezept.com/en/hash-brown-crust-bacon-and-cheddar-quiche/
/en/italian-cream-cake/,https://schnellrezept.com/en/italian-cream-cake/
/en/crab-rangoon-egg-rolls/,https://schnellrezept.com/en/crab-rangoon-egg-rolls/
/en/crinkle-cake/,https://schnellrezept.com/en/crinkle-cake/
/en/easy-meatball-recipe/,https://schnellrezept.com/en/easy-meatball-recipe/
/en/lemon-blondies/,https://schnellrezept.com/en/lemon-blondies/
/en/wendys-copycat-chili/,https://schnellrezept.com/en/wendys-copycat-chili/
/en/loaded-baked-potato-salad/,https://schnellrezept.com/en/loaded-baked-potato-salad/
/en/slow-cooker-foil-baked-potatoes/,https://schnellrezept.com/en/slow-cooker-foil-baked-potatoes/
/en/saucy-shredded-teriyaki-chicken/,https://schnellrezept.com/en/saucy-shredded-teriyaki-chicken/
/en/garlic-parmesan-cream-chicken-pasta/,https://schnellrezept.com/en/garlic-parmesan-cream-chicken-pasta/
/en/sausage-egg-and-cream-cheese-hashbrown-casserole/,https://schnellrezept.com/en/sausage-egg-and-cream-cheese-hashbrown-casserole/
/en/cheesy-ground-beef-and-rice-casserole/,https://schnellrezept.com/en/cheesy-ground-beef-and-rice-casserole/
/en/cowboy-queso-dip/,https://schnellrezept.com/en/cowboy-queso-dip/
/en/apple-dumplings/,https://schnellrezept.com/en/apple-dumplings/
/en/french-breakfast-cinnamon-sugar-muffins/,https://schnellrezept.com/en/french-breakfast-cinnamon-sugar-muffins/
/en/baked-southern-roadhouse-ribs/,https://schnellrezept.com/en/baked-southern-roadhouse-ribs/
/en/baked-spaghetti-meatballs/,https://schnellrezept.com/en/baked-spaghetti-meatballs/
/en/pineapple-cherry-upside-down-cake/,https://schnellrezept.com/en/pineapple-cherry-upside-down-cake/
/en/creamy-ranch-chicken/,https://schnellrezept.com/en/creamy-ranch-chicken/
/en/seafood-salad/,https://schnellrezept.com/en/seafood-salad/
/en/creamy-seafood-lasagna/,https://schnellrezept.com/en/creamy-seafood-lasagna/
/en/fresh-spring-ravioli-with-asparagus-and-tomatoes/,https://schnellrezept.com/en/fresh-spring-ravioli-with-asparagus-and-tomatoes/
/en/slow-cooker-spaghetti-aglio-e-olio/,https://schnellrezept.com/en/slow-cooker-spaghetti-aglio-e-olio/
/en/delicious-chicken-alfredo-stuffed-shells/,https://schnellrezept.com/en/delicious-chicken-alfredo-stuffed-shells/
/en/creamy-cajun-sausage-ravioli/,https://schnellrezept.com/en/creamy-cajun-sausage-ravioli/
/en/slow-cooker-herb-crusted-chicken-with-lemon-garlic-sauce/,https://schnellrezept.com/en/slow-cooker-herb-crusted-chicken-with-lemon-garlic-sauce/
/en/slow-cooker-salisbury-steak-with-mushroom-gravy/,https://schnellrezept.com/en/slow-cooker-salisbury-steak-with-mushroom-gravy/
/en/caramel-chocolate-crunch-bars/,https://schnellrezept.com/en/caramel-chocolate-crunch-bars/
/en/mac-and-cheese-meatloaf-casserole/,https://schnellrezept.com/en/mac-and-cheese-meatloaf-casserole/
/en/garlic-parmesan-cheeseburger-bombs/,https://schnellrezept.com/en/garlic-parmesan-cheeseburger-bombs/
/en/cheesy-taco-spaghetti-with-ground-beef/,https://schnellrezept.com/en/cheesy-taco-spaghetti-with-ground-beef/
/en/saucy-beef-and-vegetable-casserole/,https://schnellrezept.com/en/saucy-beef-and-vegetable-casserole/
/en/oven-baked-glazed-honey-garlic-sausages/,https://schnellrezept.com/en/oven-baked-glazed-honey-garlic-sausages/
/en/slow-cooker-cream-cheese-corn-casserole/,https://schnellrezept.com/en/slow-cooker-cream-cheese-corn-casserole/
/en/slow-cooker-spicy-orange-general-tsos-chicken/,https://schnellrezept.com/en/slow-cooker-spicy-orange-general-tsos-chicken/
/en/bang-bang-salmon/,https://schnellrezept.com/en/bang-bang-salmon/
/en/country-style-macaroni-salad-recipe/,https://schnellrezept.com/en/country-style-macaroni-salad-recipe/
/en/cheesy-beef-and-bean-burritos/,https://schnellrezept.com/en/cheesy-beef-and-bean-burritos/
/en/cheesy-pasta-with-beef/,https://schnellrezept.com/en/cheesy-pasta-with-beef/
/en/easy-creamy-potato-salad/,https://schnellrezept.com/en/easy-creamy-potato-salad/
/en/cheeseburger-french-fry-casserole/,https://schnellrezept.com/en/cheeseburger-french-fry-casserole/
/en/garlic-butter-cheeseburger-rollups/,https://schnellrezept.com/en/garlic-butter-cheeseburger-rollups/
/en/philly-cheesesteak-quesadillas/,https://schnellrezept.com/en/philly-cheesesteak-quesadillas/
/en/coconut-bundt-cake/,https://schnellrezept.com/en/coconut-bundt-cake/
/en/fresh-homemade-salsa/,https://schnellrezept.com/en/fresh-homemade-salsa/
/en/creamy-chicken-and-rice-casserole/,https://schnellrezept.com/en/creamy-chicken-and-rice-casserole/
/en/parmesan-chicken-meatloaf/,https://schnellrezept.com/en/parmesan-chicken-meatloaf/
/en/old-fashioned-chocolate-pie/,https://schnellrezept.com/en/old-fashioned-chocolate-pie/
/en/baked-garlic-parmesan-potato-wedges/,https://schnellrezept.com/en/baked-garlic-parmesan-potato-wedges/
/en/creamy-chicken-and-mushroom-bake/,https://schnellrezept.com/en/creamy-chicken-and-mushroom-bake/
/en/green-chile-cheeseburgers/,https://schnellrezept.com/en/green-chile-cheeseburgers/
/en/slow-cooker-herb-infused-chicken-and-potatoes/,https://schnellrezept.com/en/slow-cooker-herb-infused-chicken-and-potatoes/
/en/fresh-peach-fritters/,https://schnellrezept.com/en/fresh-peach-fritters/
/en/carbonara-pasta/,https://schnellrezept.com/en/carbonara-pasta/
/en/cheesy-garlic-bread-recipe/,https://schnellrezept.com/en/cheesy-garlic-bread-recipe/
/en/chocolate-truffles-recipe/,https://schnellrezept.com/en/chocolate-truffles-recipe/
/en/chicken-parmesan-casserole-recipe/,https://schnellrezept.com/en/chicken-parmesan-casserole-recipe/
/en/bacon-wrapped-chicken-bites-recipe/,https://schnellrezept.com/en/bacon-wrapped-chicken-bites-recipe/
/en/peaches-and-cream-cake-recipe/,https://schnellrezept.com/en/peaches-and-cream-cake-recipe/
/en/buttermilk-cornbread/,https://schnellrezept.com/en/buttermilk-cornbread/
/en/mushroom-chicken-recipe/,https://schnellrezept.com/en/mushroom-chicken-recipe/
/en/cranberry-brie-bites-recipe/,https://schnellrezept.com/en/cranberry-brie-bites-recipe/
/en/roast-turkey-recipe/,https://schnellrezept.com/en/roast-turkey-recipe/
/en/darn-pumpkin-mac-and-cheese-recipe/,https://schnellrezept.com/en/darn-pumpkin-mac-and-cheese-recipe/
/en/baked-chicken-parmesan-recipe/,https://schnellrezept.com/en/baked-chicken-parmesan-recipe/
/en/cranberry-pecan-brie-bites-recipe/,https://schnellrezept.com/en/cranberry-pecan-brie-bites-recipe/
/en/pumpkin-pie-cheesecake/,https://schnellrezept.com/en/pumpkin-pie-cheesecake/
/en/christmas-fudge-recipe/,https://schnellrezept.com/en/christmas-fudge-recipe/
/en/buttermilk-pie-recipe/,https://schnellrezept.com/en/buttermilk-pie-recipe/
/en/cranberry-salad/,https://schnellrezept.com/en/cranberry-salad/
/en/chicken-broccoli-rice-casserole/,https://schnellrezept.com/en/chicken-broccoli-rice-casserole/
/en/baba-ganoush-recipe/,https://schnellrezept.com/en/baba-ganoush-recipe/
/en/hot-shrimp-dip/,https://schnellrezept.com/en/hot-shrimp-dip/
/en/garlic-hummus-recipe/,https://schnellrezept.com/en/garlic-hummus-recipe/
/en/buffalo-chicken-dip-recipe/,https://schnellrezept.com/en/buffalo-chicken-dip-recipe/
/en/chicken-crescent-roll-casserole-recipe/,https://schnellrezept.com/en/chicken-crescent-roll-casserole-recipe/
/en/no-bake-chocolate-oatmeal-bars-recipe/,https://schnellrezept.com/en/no-bake-chocolate-oatmeal-bars-recipe/
/en/classic-meat-pie-recipe/,https://schnellrezept.com/en/classic-meat-pie-recipe/
/en/wickedly-good-whoopie-pies-recipe/,https://schnellrezept.com/en/wickedly-good-whoopie-pies-recipe/
/en/old-fashioned-rice-pudding-recipe/,https://schnellrezept.com/en/old-fashioned-rice-pudding-recipe/
/en/apple-pie-filling-coffee-cake-recipe/,https://schnellrezept.com/en/apple-pie-filling-coffee-cake-recipe/
/en/magnolia-bakery-banana-pudding-from-scratch-recipe/,https://schnellrezept.com/en/magnolia-bakery-banana-pudding-from-scratch-recipe/
/en/karottenkuchen-rublikuchen-oder-mohrenkuchen/,https://schnellrezept.com/en/karottenkuchen-rublikuchen-oder-mohrenkuchen/
/en/carrot-cake-roll-with-cream-cheese-frosting-filling-recipe/,https://schnellrezept.com/en/carrot-cake-roll-with-cream-cheese-frosting-filling-recipe/
/en/schrats-dressing-fur-blattsalate/,https://schnellrezept.com/en/schrats-dressing-fur-blattsalate/
/en/griechischer-nudelauflauf/,https://schnellrezept.com/en/griechischer-nudelauflauf/
/en/pizza-nudeln/,https://schnellrezept.com/en/pizza-nudeln/
/en/chicken-piccata-with-lemon-sauce-recipe/,https://schnellrezept.com/en/chicken-piccata-with-lemon-sauce-recipe/
/en/instant-pot-chicken-and-noodles-recipe/,https://schnellrezept.com/en/instant-pot-chicken-and-noodles-recipe/
/en/cinnamon-sugar-cream-cheese-rolls/,https://schnellrezept.com/en/cinnamon-sugar-cream-cheese-rolls/
/en/taco-lasagna/,https://schnellrezept.com/en/taco-lasagna/
/en/dill-pickle-bacon-grilled-cheese/,https://schnellrezept.com/en/dill-pickle-bacon-grilled-cheese/
/en/salted-toffee-oatmeal-cookies/,https://schnellrezept.com/en/salted-toffee-oatmeal-cookies/
/en/turkey-pot-pie/,https://schnellrezept.com/en/turkey-pot-pie/
/en/white-chicken-chili-stove-top/,https://schnellrezept.com/en/white-chicken-chili-stove-top/
/en/taco-soup-recipe/,https://schnellrezept.com/en/taco-soup-recipe/
/en/chicken-and-dumplings/,https://schnellrezept.com/en/chicken-and-dumplings/
/en/chicken-chili/,https://schnellrezept.com/en/chicken-chili/
/en/grilled-chicken-wraps/,https://schnellrezept.com/en/grilled-chicken-wraps/
/en/sweet-hawaiian-crockpot-chicken-recipe/,https://schnellrezept.com/en/sweet-hawaiian-crockpot-chicken-recipe/
/en/coleslaw-recipe/,https://schnellrezept.com/en/coleslaw-recipe/
/en/chicken-and-dumplings-with-biscuits/,https://schnellrezept.com/en/chicken-and-dumplings-with-biscuits/
/en/fried-chicken-wings/,https://schnellrezept.com/en/fried-chicken-wings/
/en/buffalo-chicken-sliders/,https://schnellrezept.com/en/buffalo-chicken-sliders/
/en/chicken-tortilla-soup-crock-pot/,https://schnellrezept.com/en/chicken-tortilla-soup-crock-pot/
/en/boneless-skinless-chicken-thighs/,https://schnellrezept.com/en/boneless-skinless-chicken-thighs/
/en/white-chicken-chilli/,https://schnellrezept.com/en/white-chicken-chilli/
/en/million-dollar-chicken-casserole/,https://schnellrezept.com/en/million-dollar-chicken-casserole/
/en/turkey-chili-recipe/,https://schnellrezept.com/en/turkey-chili-recipe/
/en/butternut-squash-and-sweet-potato-soup-recipe/,https://schnellrezept.com/en/butternut-squash-and-sweet-potato-soup-recipe/
/en/chicken-pot-pie/,https://schnellrezept.com/en/chicken-pot-pie/
/en/bbq-chicken-salad/,https://schnellrezept.com/en/bbq-chicken-salad/
/en/tortilla-soup-recipe/,https://schnellrezept.com/en/tortilla-soup-recipe/
/en/chicken-tacos/,https://schnellrezept.com/en/chicken-tacos/
/en/butter-chicken/,https://schnellrezept.com/en/butter-chicken/
/en/shredded-chicken-tacos/,https://schnellrezept.com/en/shredded-chicken-tacos/
/en/chicken-marinade/,https://schnellrezept.com/en/chicken-marinade/
/en/healthy-chicken-salad/,https://schnellrezept.com/en/healthy-chicken-salad/
/en/orange-chicken-recipe/,https://schnellrezept.com/en/orange-chicken-recipe/
/en/chicken-parmesan-recipe/,https://schnellrezept.com/en/chicken-parmesan-recipe/
/en/sausage-rolls-with-honey-mustard-sauce/,https://schnellrezept.com/en/sausage-rolls-with-honey-mustard-sauce/
/en/chicken-salad-sandwich/,https://schnellrezept.com/en/chicken-salad-sandwich/
/en/teriyaki-chicken-bowl/,https://schnellrezept.com/en/teriyaki-chicken-bowl/
/en/high-protein-chicken-salad/,https://schnellrezept.com/en/high-protein-chicken-salad/
/en/chicken-alfredo/,https://schnellrezept.com/en/chicken-alfredo/
/en/chicken-fried-rice/,https://schnellrezept.com/en/chicken-fried-rice/
/en/chicken-teriyaki-recipe/,https://schnellrezept.com/en/chicken-teriyaki-recipe/
/en/homemade-alfredo-sauce-easy/,https://schnellrezept.com/en/homemade-alfredo-sauce-easy/
/en/honey-mustard-chicken/,https://schnellrezept.com/en/honey-mustard-chicken/
/en/trisha-yearwoods-slow-cooker-mac-and-cheese-recipe/,https://schnellrezept.com/en/trisha-yearwoods-slow-cooker-mac-and-cheese-recipe/
/en/cajun-chicken-pasta/,https://schnellrezept.com/en/cajun-chicken-pasta/
/en/big-boys-fresh-strawberry-pie/,https://schnellrezept.com/en/big-boys-fresh-strawberry-pie/
/en/chicken-thighs/,https://schnellrezept.com/en/chicken-thighs/
/en/teriyaki-chicken/,https://schnellrezept.com/en/teriyaki-chicken/
/en/fried-rice-recipe-easy/,https://schnellrezept.com/en/fried-rice-recipe-easy/
/en/chicken-enchilada-recipe/,https://schnellrezept.com/en/chicken-enchilada-recipe/
/en/chicken-spaghetti/,https://schnellrezept.com/en/chicken-spaghetti/
/en/enchilada-casserole/,https://schnellrezept.com/en/enchilada-casserole/
/en/chicken-alfredo-pasta/,https://schnellrezept.com/en/chicken-alfredo-pasta/
/en/chicken-parmesan-casserole/,https://schnellrezept.com/en/chicken-parmesan-casserole/
/en/sour-cream-chicken-enchilada-recipe/,https://schnellrezept.com/en/sour-cream-chicken-enchilada-recipe/
/en/spaghetti-salad-recipe/,https://schnellrezept.com/en/spaghetti-salad-recipe/
/en/chocolate-almond-toffee-bars/,https://schnellrezept.com/en/chocolate-almond-toffee-bars/
/en/sloppy-joe-garlic-bread/,https://schnellrezept.com/en/sloppy-joe-garlic-bread/
/en/bbq-baked-beans/,https://schnellrezept.com/en/bbq-baked-beans/
/en/baked-beans-with-bacon/,https://schnellrezept.com/en/baked-beans-with-bacon/
/en/buffalo-chicken-dip/,https://schnellrezept.com/en/buffalo-chicken-dip/
/en/baked-beans/,https://schnellrezept.com/en/baked-beans/
/en/chicken-wing-dip-recipe/,https://schnellrezept.com/en/chicken-wing-dip-recipe/
/en/cowboy-dip/,https://schnellrezept.com/en/cowboy-dip/
/en/bbq-chicken-nachos/,https://schnellrezept.com/en/bbq-chicken-nachos/
/en/grilled-chicken-salad/,https://schnellrezept.com/en/grilled-chicken-salad/
/en/pulled-chicken-tacos/,https://schnellrezept.com/en/pulled-chicken-tacos/
/en/bbq-chicken-bowl/,https://schnellrezept.com/en/bbq-chicken-bowl/
/en/pulled-chicken-sandwiches/,https://schnellrezept.com/en/pulled-chicken-sandwiches/
/en/ground-beef-lettuce-wraps/,https://schnellrezept.com/en/ground-beef-lettuce-wraps/
/en/bbq-chicken-tacos/,https://schnellrezept.com/en/bbq-chicken-tacos/
/en/honey-garlic-chicken-crock-pot/,https://schnellrezept.com/en/honey-garlic-chicken-crock-pot/
/en/asian-chicken-salad/,https://schnellrezept.com/en/asian-chicken-salad/
/en/rotisserie-chicken-salad/,https://schnellrezept.com/en/rotisserie-chicken-salad/
/en/lettuce-wraps/,https://schnellrezept.com/en/lettuce-wraps/
/en/crispy-chicken-salad/,https://schnellrezept.com/en/crispy-chicken-salad/
/en/crockpot-barbeque-chicken/,https://schnellrezept.com/en/crockpot-barbeque-chicken/
/en/chicken-salad-wrap/,https://schnellrezept.com/en/chicken-salad-wrap/
/en/mexican-chicken-casserole/,https://schnellrezept.com/en/mexican-chicken-casserole/
/en/greek-lemon-chicken/,https://schnellrezept.com/en/greek-lemon-chicken/
/en/shredded-chicken-casserole/,https://schnellrezept.com/en/shredded-chicken-casserole/
/en/bbq-chicken-crockpot/,https://schnellrezept.com/en/bbq-chicken-crockpot/
/en/lemon-butter-chicken/,https://schnellrezept.com/en/lemon-butter-chicken/
/en/slow-cooker-bbq-chicken/,https://schnellrezept.com/en/slow-cooker-bbq-chicken/
/en/bbq-chicken-pizza/,https://schnellrezept.com/en/bbq-chicken-pizza/
/en/chicken-tortilla-casserole/,https://schnellrezept.com/en/chicken-tortilla-casserole/
/en/cheesy-chicken-enchiladas/,https://schnellrezept.com/en/cheesy-chicken-enchiladas/
/en/green-enchilada-casserole/,https://schnellrezept.com/en/green-enchilada-casserole/
/en/lemon-herb-chicken/,https://schnellrezept.com/en/lemon-herb-chicken/
/en/chicken-and-cheese-quesadilla/,https://schnellrezept.com/en/chicken-and-cheese-quesadilla/
/en/rotisserie-chicken-enchiladas/,https://schnellrezept.com/en/rotisserie-chicken-enchiladas/
/en/pulled-chicken-recipe/,https://schnellrezept.com/en/pulled-chicken-recipe/
/en/chicken-enchilada-casserole/,https://schnellrezept.com/en/chicken-enchilada-casserole/
/en/crockpot-chicken-thighs/,https://schnellrezept.com/en/crockpot-chicken-thighs/
/en/italian-sausage-pasta/,https://schnellrezept.com/en/italian-sausage-pasta/
/en/italian-carbonara-recipe/,https://schnellrezept.com/en/italian-carbonara-recipe/
/en/shrimp-lo-mein-recipe/,https://schnellrezept.com/en/shrimp-lo-mein-recipe/
/en/buffalo-chicken-bowl/,https://schnellrezept.com/en/buffalo-chicken-bowl/
/en/buffalo-chicken-quesadilla/,https://schnellrezept.com/en/buffalo-chicken-quesadilla/
/en/smothered-chicken-with-gravy/,https://schnellrezept.com/en/smothered-chicken-with-gravy/
/en/honey-glazed-chicken/,https://schnellrezept.com/en/honey-glazed-chicken/
/en/baked-cabbage-fritters-recipe/,https://schnellrezept.com/en/baked-cabbage-fritters-recipe/
/en/chicken-lo-mein-recipe/,https://schnellrezept.com/en/chicken-lo-mein-recipe/
/en/honey-garlic-sauce/,https://schnellrezept.com/en/honey-garlic-sauce/
/en/chicken-broccoli/,https://schnellrezept.com/en/chicken-broccoli/
/en/roast-beef-sliders/,https://schnellrezept.com/en/roast-beef-sliders/
/en/steak-fajita-recipe/,https://schnellrezept.com/en/steak-fajita-recipe/
/en/creamy-garlic-chicken/,https://schnellrezept.com/en/creamy-garlic-chicken/
/en/million-dollar-chicken/,https://schnellrezept.com/en/million-dollar-chicken/
/en/korean-fried-chicken/,https://schnellrezept.com/en/korean-fried-chicken/
/en/buffalo-chicken-wraps/,https://schnellrezept.com/en/buffalo-chicken-wraps/
/en/texas-roadhouse-butter/,https://schnellrezept.com/en/texas-roadhouse-butter/
/en/cranberry-sauce-recipe/,https://schnellrezept.com/en/cranberry-sauce-recipe/
/en/cheeseburger-casserole/,https://schnellrezept.com/en/cheeseburger-casserole/
/en/tuna-sandwich/,https://schnellrezept.com/en/tuna-sandwich/
/en/pesto-pasta-salad/,https://schnellrezept.com/en/pesto-pasta-salad/
/en/beef-and-noodles/,https://schnellrezept.com/en/beef-and-noodles/
/en/buffalo-chicken/,https://schnellrezept.com/en/buffalo-chicken/
/en/jalapeno-popper-dip/,https://schnellrezept.com/en/jalapeno-popper-dip/
/en/cheesy-hashbrown-casserole/,https://schnellrezept.com/en/cheesy-hashbrown-casserole/
/en/smothered-chicken/,https://schnellrezept.com/en/smothered-chicken/
/en/chicken-wings-in-the-oven/,https://schnellrezept.com/en/chicken-wings-in-the-oven/
/en/apple-salad-with-grapes-pecans/,https://schnellrezept.com/en/apple-salad-with-grapes-pecans/
/en/baked-potatoes-in-the-oven/,https://schnellrezept.com/en/baked-potatoes-in-the-oven/
/en/street-corn-chicken-rice-bowl/,https://schnellrezept.com/en/street-corn-chicken-rice-bowl/
/en/chicken-curry/,https://schnellrezept.com/en/chicken-curry/
/en/chicken-wraps/,https://schnellrezept.com/en/chicken-wraps/
/en/philly-cheese-steak-sandwich-recipe/,https://schnellrezept.com/en/philly-cheese-steak-sandwich-recipe/
/en/honey-garlic-chicken/,https://schnellrezept.com/en/honey-garlic-chicken/
/en/tuna-noodle-casserole/,https://schnellrezept.com/en/tuna-noodle-casserole/
/en/hawaiian-roll-sliders/,https://schnellrezept.com/en/hawaiian-roll-sliders/
/en/fried-chicken/,https://schnellrezept.com/en/fried-chicken/
/en/sloppy-joe-recipe/,https://schnellrezept.com/en/sloppy-joe-recipe/
/en/taco-potatoes/,https://schnellrezept.com/en/taco-potatoes/
/en/green-bean-casserole-recipe/,https://schnellrezept.com/en/green-bean-casserole-recipe/
/en/butter-swim-biscuits-recipe/,https://schnellrezept.com/en/butter-swim-biscuits-recipe/
/en/oatmeal-lemon-cream-bars-recipe/,https://schnellrezept.com/en/oatmeal-lemon-cream-bars-recipe/
/en/sweet-cornbread-cake-recipe/,https://schnellrezept.com/en/sweet-cornbread-cake-recipe/
/en/white-cheddar-chicken-pasta-recipe/,https://schnellrezept.com/en/white-cheddar-chicken-pasta-recipe/
/en/red-lobster-shrimp-scampi/,https://schnellrezept.com/en/red-lobster-shrimp-scampi/
/en/tortilla-soup/,https://schnellrezept.com/en/tortilla-soup/
/en/hamburger-soup/,https://schnellrezept.com/en/hamburger-soup/
/en/broccoli-cheddar-soup/,https://schnellrezept.com/en/broccoli-cheddar-soup/
/en/lentil-soup/,https://schnellrezept.com/en/lentil-soup/
/en/cheeseburger-soup/,https://schnellrezept.com/en/cheeseburger-soup/
/en/chicken-noodle-soup/,https://schnellrezept.com/en/chicken-noodle-soup/
/en/smothered-chicken-recipe/,https://schnellrezept.com/en/smothered-chicken-recipe/
/en/soup-recipes/,https://schnellrezept.com/en/soup-recipes/
/en/potato-soup/,https://schnellrezept.com/en/potato-soup/
/en/blueberry-sour-cream-coffee-cake/,https://schnellrezept.com/en/blueberry-sour-cream-coffee-cake/
/en/sausage-cheese-crescent-ring/,https://schnellrezept.com/en/sausage-cheese-crescent-ring/
/en/cheesecake-strawberry-roll-cake/,https://schnellrezept.com/en/cheesecake-strawberry-roll-cake/
/en/garlic-bread-grilled-cheese/,https://schnellrezept.com/en/garlic-bread-grilled-cheese/
/en/pizza-stuffed-waffle-snacks/,https://schnellrezept.com/en/pizza-stuffed-waffle-snacks/
/en/goulash-recipe/,https://schnellrezept.com/en/goulash-recipe/
/en/bacon-cheeseburger-rice/,https://schnellrezept.com/en/bacon-cheeseburger-rice/
/en/pizza-enchiladas/,https://schnellrezept.com/en/pizza-enchiladas/
/en/cheesy-beef-and-potato-burritos/,https://schnellrezept.com/en/cheesy-beef-and-potato-burritos/
/en/triple-bacon-butter-cheeseburger/,https://schnellrezept.com/en/triple-bacon-butter-cheeseburger/
/en/pizza-tater-tot-casserole/,https://schnellrezept.com/en/pizza-tater-tot-casserole/
/en/watergate-salad-recipe/,https://schnellrezept.com/en/watergate-salad-recipe/
/en/queso-steak-fajita-skillet/,https://schnellrezept.com/en/queso-steak-fajita-skillet/
/en/steak-and-cheese-quesadillas/,https://schnellrezept.com/en/steak-and-cheese-quesadillas/
/en/smoky-sweet-baked-beans-with-bacon/,https://schnellrezept.com/en/smoky-sweet-baked-beans-with-bacon/
/en/philly-cheese-steak-sloppy-joes/,https://schnellrezept.com/en/philly-cheese-steak-sloppy-joes/
/en/egg-and-ham-breakfast-sandwich/,https://schnellrezept.com/en/egg-and-ham-breakfast-sandwich/
/en/cinnamon-sugar-muffins/,https://schnellrezept.com/en/cinnamon-sugar-muffins/
/en/one-pot-kielbasa-pasta/,https://schnellrezept.com/en/one-pot-kielbasa-pasta/
/en/bacon-bbq-chicken-sliders/,https://schnellrezept.com/en/bacon-bbq-chicken-sliders/
/en/panna-cotta-recipe/,https://schnellrezept.com/en/panna-cotta-recipe/
/en/grilled-lemon-soy-sauce-chicken/,https://schnellrezept.com/en/grilled-lemon-soy-sauce-chicken/
/en/cheesy-roast-beef-sliders/,https://schnellrezept.com/en/cheesy-roast-beef-sliders/
/en/apple-cinnamon-muffins/,https://schnellrezept.com/en/apple-cinnamon-muffins/
/en/air-fryer-korean-fried-chicken-thighs/,https://schnellrezept.com/en/air-fryer-korean-fried-chicken-thighs/
/en/honey-bbq-chicken-mac-and-cheese/,https://schnellrezept.com/en/honey-bbq-chicken-mac-and-cheese/
/en/bbq-chicken-mac-and-cheese/,https://schnellrezept.com/en/bbq-chicken-mac-and-cheese/
/en/seared-balsamic-steak-caprese-recipe/,https://schnellrezept.com/en/seared-balsamic-steak-caprese-recipe/
/en/slow-cooker-bbq-pulled-pork-sandwich/,https://schnellrezept.com/en/slow-cooker-bbq-pulled-pork-sandwich/
/en/slow-cooker-teriyaki-beef-and-broccoli/,https://schnellrezept.com/en/slow-cooker-teriyaki-beef-and-broccoli/
/en/beef-enchiladas-skillet/,https://schnellrezept.com/en/beef-enchiladas-skillet/
/en/hot-ham-and-cheese-sliders/,https://schnellrezept.com/en/hot-ham-and-cheese-sliders/
/en/garlic-cheese-bombs/,https://schnellrezept.com/en/garlic-cheese-bombs/
/en/pepperoni-pizza-burgers/,https://schnellrezept.com/en/pepperoni-pizza-burgers/
/en/steak-and-potato-breakfast-hash/,https://schnellrezept.com/en/steak-and-potato-breakfast-hash/
/en/patty-melt-with-secret-sauce/,https://schnellrezept.com/en/patty-melt-with-secret-sauce/
/en/parmesan-onion-rings/,https://schnellrezept.com/en/parmesan-onion-rings/
/en/chicken-zucchini-bake/,https://schnellrezept.com/en/chicken-zucchini-bake/
/en/cheesy-ground-beef-sliders/,https://schnellrezept.com/en/cheesy-ground-beef-sliders/
/en/mongolian-ground-beef-noodles/,https://schnellrezept.com/en/mongolian-ground-beef-noodles/
/en/garlic-chicken-and-rice-skillet/,https://schnellrezept.com/en/garlic-chicken-and-rice-skillet/
/en/garlic-brown-sugar-pork-chops/,https://schnellrezept.com/en/garlic-brown-sugar-pork-chops/
/en/roast-beef-and-cheddar-sliders/,https://schnellrezept.com/en/roast-beef-and-cheddar-sliders/
/en/one-pot-smoked-sausage-pasta/,https://schnellrezept.com/en/one-pot-smoked-sausage-pasta/
/en/mediterranean-grilled-cheese-sandwich/,https://schnellrezept.com/en/mediterranean-grilled-cheese-sandwich/
/en/sloppy-joe-grilled-cheese/,https://schnellrezept.com/en/sloppy-joe-grilled-cheese/
/en/southern-fried-pork-chops/,https://schnellrezept.com/en/southern-fried-pork-chops/
/en/how-to-make-beef-and-noodles/,https://schnellrezept.com/en/how-to-make-beef-and-noodles/
/en/shepherds-pie/,https://schnellrezept.com/en/shepherds-pie/
/en/soul-smothered-chicken/,https://schnellrezept.com/en/soul-smothered-chicken/
/en/cheesy-pepperoni-pizza-quesadillas/,https://schnellrezept.com/en/cheesy-pepperoni-pizza-quesadillas/
/en/sea-bass-recipe/,https://schnellrezept.com/en/sea-bass-recipe/
/en/panko-crusted-chicken-recipe/,https://schnellrezept.com/en/panko-crusted-chicken-recipe/
/en/egg-bites-recipe/,https://schnellrezept.com/en/egg-bites-recipe/
/en/meatball-subs-recipe/,https://schnellrezept.com/en/meatball-subs-recipe/
/en/pizza-sauce-recipe/,https://schnellrezept.com/en/pizza-sauce-recipe/
/en/zucchini-fritters-recipe/,https://schnellrezept.com/en/zucchini-fritters-recipe/
/en/homemade-focaccia-recipe/,https://schnellrezept.com/en/homemade-focaccia-recipe/
/en/pancake-mix-recipe/,https://schnellrezept.com/en/pancake-mix-recipe/
/en/fried-chicken-recipe/,https://schnellrezept.com/en/fried-chicken-recipe/
/en/bourbon-chicken-recipe/,https://schnellrezept.com/en/bourbon-chicken-recipe/
/en/waffle-recipe/,https://schnellrezept.com/en/waffle-recipe/
/en/air-fryer-blooming-onion-recipe/,https://schnellrezept.com/en/air-fryer-blooming-onion-recipe/
/en/brownie-recipe/,https://schnellrezept.com/en/brownie-recipe/
/en/chicken-curry-recipe/,https://schnellrezept.com/en/chicken-curry-recipe/
/en/starbucks-egg-bites-recipe/,https://schnellrezept.com/en/starbucks-egg-bites-recipe/
/en/crab-cake-recipe/,https://schnellrezept.com/en/crab-cake-recipe/
/en/oven-roasted-corn-on-the-cob-recipe/,https://schnellrezept.com/en/oven-roasted-corn-on-the-cob-recipe/
/en/white-fish-recipe/,https://schnellrezept.com/en/white-fish-recipe/
/en/butter-chicken-recipe/,https://schnellrezept.com/en/butter-chicken-recipe/
/en/chicken-and-mashed-potatoes-recipe/,https://schnellrezept.com/en/chicken-and-mashed-potatoes-recipe/
/en/quiche-recipe/,https://schnellrezept.com/en/quiche-recipe/
/en/chicken-pot-pie-recipe/,https://schnellrezept.com/en/chicken-pot-pie-recipe/
/en/lumpia-recipe/,https://schnellrezept.com/en/lumpia-recipe/
/en/sourdough-brioche-recipe/,https://schnellrezept.com/en/sourdough-brioche-recipe/
/en/chicken-alfredo-bake-recipe/,https://schnellrezept.com/en/chicken-alfredo-bake-recipe/
/en/sugar-cookie-icing-recipe/,https://schnellrezept.com/en/sugar-cookie-icing-recipe/
/en/sweet-and-sour-chicken-recipe/,https://schnellrezept.com/en/sweet-and-sour-chicken-recipe/
/en/twice-baked-potatoes-recipe/,https://schnellrezept.com/en/twice-baked-potatoes-recipe/
/en/pizza-dough-recipe/,https://schnellrezept.com/en/pizza-dough-recipe/
/en/french-toast-casserole-recipe/,https://schnellrezept.com/en/french-toast-casserole-recipe/
/en/sourdough-baguettes-recipe/,https://schnellrezept.com/en/sourdough-baguettes-recipe/
/en/soft-dinner-rolls-recipe/,https://schnellrezept.com/en/soft-dinner-rolls-recipe/
/en/zucchini-bread-recipes-moist-easy/,https://schnellrezept.com/en/zucchini-bread-recipes-moist-easy/
/en/mahi-mahi-recipe/,https://schnellrezept.com/en/mahi-mahi-recipe/
/en/bruschetta-recipe/,https://schnellrezept.com/en/bruschetta-recipe/
/en/beef-empanadas-recipe/,https://schnellrezept.com/en/beef-empanadas-recipe/
/en/potato-soup-recipe/,https://schnellrezept.com/en/potato-soup-recipe/
/en/baked-chicken-breasts-recipe/,https://schnellrezept.com/en/baked-chicken-breasts-recipe/
/en/shepherds-pie-recipe/,https://schnellrezept.com/en/shepherds-pie-recipe/
/en/peanut-butter-fudge-recipe/,https://schnellrezept.com/en/peanut-butter-fudge-recipe/
/en/focaccia-bread-recipe/,https://schnellrezept.com/en/focaccia-bread-recipe/
/en/chuck-roast-recipe/,https://schnellrezept.com/en/chuck-roast-recipe/
/en/baked-chicken-legs-recipe/,https://schnellrezept.com/en/baked-chicken-legs-recipe/
/en/braised-short-ribs-recipe/,https://schnellrezept.com/en/braised-short-ribs-recipe/
/en/loaded-chicken-and-potato-casserole/,https://schnellrezept.com/en/loaded-chicken-and-potato-casserole/
/en/cheddar-cheese-quick-bread/,https://schnellrezept.com/en/cheddar-cheese-quick-bread/
/en/cheesy-beef-taco-pasta/,https://schnellrezept.com/en/cheesy-beef-taco-pasta/
/en/cheesy-mexican-casserole/,https://schnellrezept.com/en/cheesy-mexican-casserole/
/en/cabbage-soup-recipe/,https://schnellrezept.com/en/cabbage-soup-recipe/
/en/cheesy-rotel-dogs/,https://schnellrezept.com/en/cheesy-rotel-dogs/
/en/egg-rolls/,https://schnellrezept.com/en/egg-rolls/
/en/slow-cooker-bbq-brisket-roast/,https://schnellrezept.com/en/slow-cooker-bbq-brisket-roast/
/en/poor-mans-steak-with-mushroom-gravy/,https://schnellrezept.com/en/poor-mans-steak-with-mushroom-gravy/
/en/lunchroom-ladies-brownies/,https://schnellrezept.com/en/lunchroom-ladies-brownies/
/en/caramelized-mini-cheesecake-bites/,https://schnellrezept.com/en/caramelized-mini-cheesecake-bites/
/en/creamy-banana-pudding-cheesecake/,https://schnellrezept.com/en/creamy-banana-pudding-cheesecake/
/en/no-bake-oreo-chocolate-lasagna/,https://schnellrezept.com/en/no-bake-oreo-chocolate-lasagna/
/en/sticky-baked-pork-chops-potatoes/,https://schnellrezept.com/en/sticky-baked-pork-chops-potatoes/
/en/easy-homemade-summer-sausage/,https://schnellrezept.com/en/easy-homemade-summer-sausage/
/en/amish-cinnamon-streusel-cake-with-vanilla-glaze/,https://schnellrezept.com/en/amish-cinnamon-streusel-cake-with-vanilla-glaze/
/en/4-ingredient-hamburger-casserole/,https://schnellrezept.com/en/4-ingredient-hamburger-casserole/
/en/50-minute-cheesy-hamburger-casserole/,https://schnellrezept.com/en/50-minute-cheesy-hamburger-casserole/
/en/mandarin-orange-salad/,https://schnellrezept.com/en/mandarin-orange-salad/
/en/mexican-soup/,https://schnellrezept.com/en/mexican-soup/
/en/maple-glazed-pork-chops/,https://schnellrezept.com/en/maple-glazed-pork-chops/
/en/one-pot-cheesy-smoked-sausage-pasta/,https://schnellrezept.com/en/one-pot-cheesy-smoked-sausage-pasta/
/en/ding-dong-cake/,https://schnellrezept.com/en/ding-dong-cake/
/en/easy-blackberry-cobbler/,https://schnellrezept.com/en/easy-blackberry-cobbler/
/en/southern-coconut-cake/,https://schnellrezept.com/en/southern-coconut-cake/
/en/walking-taco-bake/,https://schnellrezept.com/en/walking-taco-bake/
/en/crispy-oven-baked-street-tacos/,https://schnellrezept.com/en/crispy-oven-baked-street-tacos/
/en/orange-dreamsicle-salad-with-marshmallows/,https://schnellrezept.com/en/orange-dreamsicle-salad-with-marshmallows/
/en/strawberry-cake/,https://schnellrezept.com/en/strawberry-cake/
/en/honey-garlic-butter-shrimp-and-broccoli/,https://schnellrezept.com/en/honey-garlic-butter-shrimp-and-broccoli/
/en/no-bake-lemon-eclair-dessert/,https://schnellrezept.com/en/no-bake-lemon-eclair-dessert/
/en/dark-chocolate-brookies-cookies/,https://schnellrezept.com/en/dark-chocolate-brookies-cookies/
/en/skillet-pork-chops/,https://schnellrezept.com/en/skillet-pork-chops/
/en/20-minute-lemon-lush/,https://schnellrezept.com/en/20-minute-lemon-lush/
/en/45-minute-lemon-dessert-bars/,https://schnellrezept.com/en/45-minute-lemon-dessert-bars/
/en/roasted-brussels-sprouts/,https://schnellrezept.com/en/roasted-brussels-sprouts/
/en/creamy-lemonade/,https://schnellrezept.com/en/creamy-lemonade/
/en/homemade-ground-beef-and-vegetable-stew/,https://schnellrezept.com/en/homemade-ground-beef-and-vegetable-stew/
/en/pork-chop-supreme/,https://schnellrezept.com/en/pork-chop-supreme/
/en/middle-eastern-inspired-roasted-pumpkin-side/,https://schnellrezept.com/en/middle-eastern-inspired-roasted-pumpkin-side/
/en/creamy-garlic-chicken-pasta-with-mozzarella-tomatoes/,https://schnellrezept.com/en/creamy-garlic-chicken-pasta-with-mozzarella-tomatoes/
/en/kielbasa-potato-corn-chowder/,https://schnellrezept.com/en/kielbasa-potato-corn-chowder/
/en/6-ingredient-lemon-bars/,https://schnellrezept.com/en/6-ingredient-lemon-bars/
/en/cheesy-beef-and-bowtie-pasta-in-garlic-butter/,https://schnellrezept.com/en/cheesy-beef-and-bowtie-pasta-in-garlic-butter/
/en/lemon-meltaway-cookies/,https://schnellrezept.com/en/lemon-meltaway-cookies/
/en/red-velvet-cheesecake-brownies/,https://schnellrezept.com/en/red-velvet-cheesecake-brownies/
/en/gluten-free-lemon-brownies/,https://schnellrezept.com/en/gluten-free-lemon-brownies/
/en/cheesy-bacon-ranch-hash-brown-casserole/,https://schnellrezept.com/en/cheesy-bacon-ranch-hash-brown-casserole/
/en/velveeta-mac-and-cheese/,https://schnellrezept.com/en/velveeta-mac-and-cheese/
/en/boston-cream-pie-cupcakes/,https://schnellrezept.com/en/boston-cream-pie-cupcakes/
/en/lemon-blueberry-muffins/,https://schnellrezept.com/en/lemon-blueberry-muffins/
/en/creamed-potatoes-and-peas-recipe/,https://schnellrezept.com/en/creamed-potatoes-and-peas-recipe/
/en/cheesy-texas-toast-mini-pizzas/,https://schnellrezept.com/en/cheesy-texas-toast-mini-pizzas/
/en/dinner-recipes/,https://schnellrezept.com/en/dinner-recipes/
/en/orecchiette-with-spicy-vodka-cream-sauce/,https://schnellrezept.com/en/orecchiette-with-spicy-vodka-cream-sauce/
/en/one-pan-chicken-pot-pie-bake/,https://schnellrezept.com/en/one-pan-chicken-pot-pie-bake/
/en/20-minute-chicken-bacon-ranch-casserole/,https://schnellrezept.com/en/20-minute-chicken-bacon-ranch-casserole/
/en/keto-cheesecake/,https://schnellrezept.com/en/keto-cheesecake/
/en/slow-cooker-lentils/,https://schnellrezept.com/en/slow-cooker-lentils/
/en/ricotta-gnocchi-with-pesto/,https://schnellrezept.com/en/ricotta-gnocchi-with-pesto/
/en/red-wine-mushroom-stew/,https://schnellrezept.com/en/red-wine-mushroom-stew/
/en/marry-me-chicken-pasta/,https://schnellrezept.com/en/marry-me-chicken-pasta/
/en/enchiladas-mit-hackfleisch-gefullt-und-uberbacken/,https://schnellrezept.com/en/enchiladas-mit-hackfleisch-gefullt-und-uberbacken/
/en/asiatische-suppe-mit-kokosmilch-und-spinat/,https://schnellrezept.com/en/asiatische-suppe-mit-kokosmilch-und-spinat/
/en/putengulasch-mit-paprika-und-zucchini/,https://schnellrezept.com/en/putengulasch-mit-paprika-und-zucchini/
/en/kohlrabi-suppentopf-mit-hackballchen/,https://schnellrezept.com/en/kohlrabi-suppentopf-mit-hackballchen/
/en/hackballchen-in-tomatensose/,https://schnellrezept.com/en/hackballchen-in-tomatensose/
/en/gyros-aus-dem-ofen-mit-metaxa-und-sahne-sose/,https://schnellrezept.com/en/gyros-aus-dem-ofen-mit-metaxa-und-sahne-sose/
/en/no-bake-pumpkin-cheesecake-recipe/,https://schnellrezept.com/en/no-bake-pumpkin-cheesecake-recipe/
/en/chicken-paprikash-recipe/,https://schnellrezept.com/en/chicken-paprikash-recipe/
/en/pumpkin-spice-snowballs-recipe/,https://schnellrezept.com/en/pumpkin-spice-snowballs-recipe/
/en/hot-chocolate-cookies-recipe/,https://schnellrezept.com/en/hot-chocolate-cookies-recipe/
/en/pesto-chicken-pasta-recipe/,https://schnellrezept.com/en/pesto-chicken-pasta-recipe/
/en/broccoli-cauliflower-salad-recipe/,https://schnellrezept.com/en/broccoli-cauliflower-salad-recipe/
/en/baked-mac-and-cheese-recipe/,https://schnellrezept.com/en/baked-mac-and-cheese-recipe/
/en/slow-cooker-beef-barley-soup-recipe/,https://schnellrezept.com/en/slow-cooker-beef-barley-soup-recipe/
/en/creamy-mushroom-soup-recipe/,https://schnellrezept.com/en/creamy-mushroom-soup-recipe/
/en/baked-potato-soup-recipe/,https://schnellrezept.com/en/baked-potato-soup-recipe/
/en/taco-pasta-recipe/,https://schnellrezept.com/en/taco-pasta-recipe/
/en/cheesy-chicken-broccoli-rice-casserole-recipe/,https://schnellrezept.com/en/cheesy-chicken-broccoli-rice-casserole-recipe/
/en/slow-cooker-orange-chicken-recipe/,https://schnellrezept.com/en/slow-cooker-orange-chicken-recipe/
/en/apple-crisp-recipe/,https://schnellrezept.com/en/apple-crisp-recipe/
/en/cream-cheese-filled-pumpkin-bread-recipe/,https://schnellrezept.com/en/cream-cheese-filled-pumpkin-bread-recipe/
/en/pumpkin-bars-with-cream-cheese-frosting-recipe/,https://schnellrezept.com/en/pumpkin-bars-with-cream-cheese-frosting-recipe/
/en/pumpkin-chocolate-chip-cookies-recipe/,https://schnellrezept.com/en/pumpkin-chocolate-chip-cookies-recipe/
/en/cinnamon-swirl-pumpkin-bread-recipe/,https://schnellrezept.com/en/cinnamon-swirl-pumpkin-bread-recipe/
/en/hamburger-steak-recipe/,https://schnellrezept.com/en/hamburger-steak-recipe/
/en/french-onion-meatloaf-recipe/,https://schnellrezept.com/en/french-onion-meatloaf-recipe/
/en/gooey-mozzarella-biscuit-bombs-recipe/,https://schnellrezept.com/en/gooey-mozzarella-biscuit-bombs-recipe/
/en/creamy-potato-hamburger-soup-recipe/,https://schnellrezept.com/en/creamy-potato-hamburger-soup-recipe/
/en/cauliflower-salad-recip/,https://schnellrezept.com/en/cauliflower-salad-recip/
/en/tater-tot-sausage-breakfast-casserole-recipe/,https://schnellrezept.com/en/tater-tot-sausage-breakfast-casserole-recipe/
/en/slow-cooker-chili-recipe/,https://schnellrezept.com/en/slow-cooker-chili-recipe/
/en/slow-cooker-butternut-squash-soup/,https://schnellrezept.com/en/slow-cooker-butternut-squash-soup/
/en/slow-cooker-buffalo-chicken-chili/,https://schnellrezept.com/en/slow-cooker-buffalo-chicken-chili/
/en/dorito-taco-salad/,https://schnellrezept.com/en/dorito-taco-salad/
/en/old-fashioned-pancakes/,https://schnellrezept.com/en/old-fashioned-pancakes/
/en/braised-beef-short-ribs/,https://schnellrezept.com/en/braised-beef-short-ribs/
/en/lunch-lady-brownies-recipe/,https://schnellrezept.com/en/lunch-lady-brownies-recipe/
/en/broccoli-and-cheese-soup-recipe/,https://schnellrezept.com/en/broccoli-and-cheese-soup-recipe/
/en/wendys-chili-recipe/,https://schnellrezept.com/en/wendys-chili-recipe/
/en/lazy-chocolate-chip-cookie-bars-recipe/,https://schnellrezept.com/en/lazy-chocolate-chip-cookie-bars-recipe/
/en/crock-pot-chicken-noodle-soup/,https://schnellrezept.com/en/crock-pot-chicken-noodle-soup/
/en/cinnamon-apple-bread-recipe/,https://schnellrezept.com/en/cinnamon-apple-bread-recipe/
/en/baked-apple-fritters-recipe/,https://schnellrezept.com/en/baked-apple-fritters-recipe/
/en/coney-island-hot-dog-sauce-recipe/,https://schnellrezept.com/en/coney-island-hot-dog-sauce-recipe/
/en/garlic-butter-steak-and-potatoes-skillet/,https://schnellrezept.com/en/garlic-butter-steak-and-potatoes-skillet/
/en/french-toast-sticks-recipe/,https://schnellrezept.com/en/french-toast-sticks-recipe/
/en/jalapeno-popper-cheese-ball-recipe/,https://schnellrezept.com/en/jalapeno-popper-cheese-ball-recipe/
/en/sirloin-tip-roast-recipe/,https://schnellrezept.com/en/sirloin-tip-roast-recipe/
/en/paula-deens-crockpot-potato-soup-recipe/,https://schnellrezept.com/en/paula-deens-crockpot-potato-soup-recipe/
/en/potato-kielbasa-soup-recipe/,https://schnellrezept.com/en/potato-kielbasa-soup-recipe/
/en/classic-beef-bourguignon/,https://schnellrezept.com/en/classic-beef-bourguignon/
/en/slow-cooker-poor-mans-stew-recipe/,https://schnellrezept.com/en/slow-cooker-poor-mans-stew-recipe/
/en/texas-cowboy-stew-recipe/,https://schnellrezept.com/en/texas-cowboy-stew-recipe/
/en/autumn-chicken-dinner-with-roasted-vegetables/,https://schnellrezept.com/en/autumn-chicken-dinner-with-roasted-vegetables/
/en/scalloped-potatoes-recipe/,https://schnellrezept.com/en/scalloped-potatoes-recipe/
/en/sausage-stuffing-with-fresh-herbs-recipe/,https://schnellrezept.com/en/sausage-stuffing-with-fresh-herbs-recipe/
/en/baked-sweet-potato-fries-recipe/,https://schnellrezept.com/en/baked-sweet-potato-fries-recipe/
/en/homemade-rice-pilaf-recipe/,https://schnellrezept.com/en/homemade-rice-pilaf-recipe/
/en/potatoes-romanoff-with-cheese-recipe/,https://schnellrezept.com/en/potatoes-romanoff-with-cheese-recipe/
/en/chef-salad-recipe/,https://schnellrezept.com/en/chef-salad-recipe/
/en/salmon-salad-recipe/,https://schnellrezept.com/en/salmon-salad-recipe/
/en/sweet-potato-salad-recipe/,https://schnellrezept.com/en/sweet-potato-salad-recipe/
/en/sweet-amish-macaroni-salad-recipe/,https://schnellrezept.com/en/sweet-amish-macaroni-salad-recipe/
/en/mackinac-island-fudge/,https://schnellrezept.com/en/mackinac-island-fudge/
/en/copycat-olive-garden-pasta-e-fagioli-recipe/,https://schnellrezept.com/en/copycat-olive-garden-pasta-e-fagioli-recipe/
/en/lasagna-recipe/,https://schnellrezept.com/en/lasagna-recipe/
/en/roasted-red-pepper-rigatoni-recipe/,https://schnellrezept.com/en/roasted-red-pepper-rigatoni-recipe/
/en/taco-lasagna-recipe/,https://schnellrezept.com/en/taco-lasagna-recipe/
/en/slow-cooker-brown-sugar-garlic-chicken/,https://schnellrezept.com/en/slow-cooker-brown-sugar-garlic-chicken/
/en/alice-springs-chicken-recipe-outback-copycat/,https://schnellrezept.com/en/alice-springs-chicken-recipe-outback-copycat/
/en/crockpot-chicken-and-stuffing-recipe/,https://schnellrezept.com/en/crockpot-chicken-and-stuffing-recipe/
/en/crockpot-beef-and-broccoli-recipe/,https://schnellrezept.com/en/crockpot-beef-and-broccoli-recipe/
/en/crock-pot-cube-steak-recipe/,https://schnellrezept.com/en/crock-pot-cube-steak-recipe/
/en/popeyes-spicy-chicken-recipe/,https://schnellrezept.com/en/popeyes-spicy-chicken-recipe/
/en/starbucks-pumpkin-cream-cheese-muffins-recipe/,https://schnellrezept.com/en/starbucks-pumpkin-cream-cheese-muffins-recipe/
/en/granny-cake-recipe/,https://schnellrezept.com/en/granny-cake-recipe/
/en/pecan-upside-down-bundt-cake-recipe/,https://schnellrezept.com/en/pecan-upside-down-bundt-cake-recipe/
/en/banana-bread-brownies-recipe/,https://schnellrezept.com/en/banana-bread-brownies-recipe/
/en/mini-lemon-drop-cakes-recipe/,https://schnellrezept.com/en/mini-lemon-drop-cakes-recipe/
/en/funnel-cake-bites-recipe/,https://schnellrezept.com/en/funnel-cake-bites-recipe/
/en/chicken-pot-pie-bubble-up-casserole-recipe/,https://schnellrezept.com/en/chicken-pot-pie-bubble-up-casserole-recipe/
/en/sour-cream-chicken-enchilada-casserole-recipe/,https://schnellrezept.com/en/sour-cream-chicken-enchilada-casserole-recipe/
/en/lemon-brownies-recipe/,https://schnellrezept.com/en/lemon-brownies-recipe/
/en/creamy-cajun-shrimp-pasta-recipe/,https://schnellrezept.com/en/creamy-cajun-shrimp-pasta-recipe/
/en/salmon-with-lemon-cream-sauce/,https://schnellrezept.com/en/salmon-with-lemon-cream-sauce/
/en/coffee-cake-muffins-recipe/,https://schnellrezept.com/en/coffee-cake-muffins-recipe/
/en/peach-crisp-recipe/,https://schnellrezept.com/en/peach-crisp-recipe/
/en/bundt-cake-breakfast-recipe/,https://schnellrezept.com/en/bundt-cake-breakfast-recipe/
/en/easy-blackberry-cobbler-recipe/,https://schnellrezept.com/en/easy-blackberry-cobbler-recipe/
/en/keto-french-silk-pie-recipe/,https://schnellrezept.com/en/keto-french-silk-pie-recipe/
/en/creamy-lemon-squares-recipe/,https://schnellrezept.com/en/creamy-lemon-squares-recipe/
/en/peach-cobbler-recipe/,https://schnellrezept.com/en/peach-cobbler-recipe/
/en/spice-cake-recipe/,https://schnellrezept.com/en/spice-cake-recipe/
/en/cream-cheese-sausage-balls-recipe/,https://schnellrezept.com/en/cream-cheese-sausage-balls-recipe/
/en/pecan-pie-muffins-recipe/,https://schnellrezept.com/en/pecan-pie-muffins-recipe/
/en/bran-muffins-with-applesauce-recipe/,https://schnellrezept.com/en/bran-muffins-with-applesauce-recipe/
/en/carrot-cake-recipe/,https://schnellrezept.com/en/carrot-cake-recipe/
/en/pineapple-dream-dessert-recipe/,https://schnellrezept.com/en/pineapple-dream-dessert-recipe/
/en/lemon-cake-recipe/,https://schnellrezept.com/en/lemon-cake-recipe/
/en/cherry-almond-shortbread-cookies/,https://schnellrezept.com/en/cherry-almond-shortbread-cookies/
/en/gingerbread-crinkle-cookies-recipe/,https://schnellrezept.com/en/gingerbread-crinkle-cookies-recipe/
/en/cracker-barrel-chicken-and-dumplings-recipe/,https://schnellrezept.com/en/cracker-barrel-chicken-and-dumplings-recipe/
/en/oven-baked-chicken-and-rice-recipe/,https://schnellrezept.com/en/oven-baked-chicken-and-rice-recipe/
/en/loaded-potato-ranch-chicken-casserole-recipe/,https://schnellrezept.com/en/loaded-potato-ranch-chicken-casserole-recipe/
/en/oven-baked-bbq-chicken-wings-recipe/,https://schnellrezept.com/en/oven-baked-bbq-chicken-wings-recipe/
/en/sloppy-joe-casserole-recipe/,https://schnellrezept.com/en/sloppy-joe-casserole-recipe/
/en/taco-casserole-recipe/,https://schnellrezept.com/en/taco-casserole-recipe/
/en/peanut-butter-no-bake-cookies-recipe/,https://schnellrezept.com/en/peanut-butter-no-bake-cookies-recipe/
/en/baked-burrito-casserole-recipe/,https://schnellrezept.com/en/baked-burrito-casserole-recipe/
/en/pineapple-casserole-recipe/,https://schnellrezept.com/en/pineapple-casserole-recipe/
/en/french-onion-chicken-bake-recipe/,https://schnellrezept.com/en/french-onion-chicken-bake-recipe/
/en/no-bake-cherry-dessert-recipe/,https://schnellrezept.com/en/no-bake-cherry-dessert-recipe/
/en/johnny-marzetti-ground-beef-casserole-recipe/,https://schnellrezept.com/en/johnny-marzetti-ground-beef-casserole-recipe/
/en/chicken-lombardy-recipe/,https://schnellrezept.com/en/chicken-lombardy-recipe/
/en/dutch-apple-bread-recipe/,https://schnellrezept.com/en/dutch-apple-bread-recipe/
/en/dutch-oven-no-knead-bread-recipe/,https://schnellrezept.com/en/dutch-oven-no-knead-bread-recipe/
/en/jiffy-cornbread-recipe/,https://schnellrezept.com/en/jiffy-cornbread-recipe/
/en/cinnamon-rolls-without-yeast-recipe/,https://schnellrezept.com/en/cinnamon-rolls-without-yeast-recipe/
/en/honey-cornbread-recipe/,https://schnellrezept.com/en/honey-cornbread-recipe/
/en/jamaican-banana-bread-recipe/,https://schnellrezept.com/en/jamaican-banana-bread-recipe/
/en/how-to-make-stuffed-cabbage-rolls-recipe/,https://schnellrezept.com/en/how-to-make-stuffed-cabbage-rolls-recipe/
/en/pineapple-pretzel-fluff-recipe/,https://schnellrezept.com/en/pineapple-pretzel-fluff-recipe/
/en/pizza-dip-recipe/,https://schnellrezept.com/en/pizza-dip-recipe/
/en/candied-bacon-recipe/,https://schnellrezept.com/en/candied-bacon-recipe/
/en/crostini-recipe/,https://schnellrezept.com/en/crostini-recipe/
/en/chicken-taquitos-recipe/,https://schnellrezept.com/en/chicken-taquitos-recipe/
/en/crab-rangoon-dip-recipe/,https://schnellrezept.com/en/crab-rangoon-dip-recipe/
/en/bruschetta-chicken-recipe/,https://schnellrezept.com/en/bruschetta-chicken-recipe/
/en/bacon-wrapped-chicken/,https://schnellrezept.com/en/bacon-wrapped-chicken/
/en/soft-almond-pillow-cookies-recipe/,https://schnellrezept.com/en/soft-almond-pillow-cookies-recipe/
/en/chicken-tortilla-soup-recipe/,https://schnellrezept.com/en/chicken-tortilla-soup-recipe/
/en/french-onion-dip-recipe/,https://schnellrezept.com/en/french-onion-dip-recipe/
/en/cauliflower-fritters/,https://schnellrezept.com/en/cauliflower-fritters/
/en/copy-cat-cracker-barrel-hashbrown-casserole-recipe/,https://schnellrezept.com/en/copy-cat-cracker-barrel-hashbrown-casserole-recipe/
/en/sausage-green-bean-potato-casserole/,https://schnellrezept.com/en/sausage-green-bean-potato-casserole/
/en/yorkshire-pudding-recipe/,https://schnellrezept.com/en/yorkshire-pudding-recipe/
/en/skewer-recipe/,https://schnellrezept.com/en/skewer-recipe/
/en/chicken-kabobs-recipe/,https://schnellrezept.com/en/chicken-kabobs-recipe/
/en/gingerbread-bars-recipe/,https://schnellrezept.com/en/gingerbread-bars-recipe/
/en/grinch-oreo-balls-recipe/,https://schnellrezept.com/en/grinch-oreo-balls-recipe/
/en/shortbread-cookies-recipe/,https://schnellrezept.com/en/shortbread-cookies-recipe/
/en/sugar-cookies-recipe/,https://schnellrezept.com/en/sugar-cookies-recipe/
/en/hummingbird-cake-recipe/,https://schnellrezept.com/en/hummingbird-cake-recipe/
/en/mashed-potato-bombs-recipe/,https://schnellrezept.com/en/mashed-potato-bombs-recipe/
/en/butter-pecan-pound-cake-recipe/,https://schnellrezept.com/en/butter-pecan-pound-cake-recipe/
/en/stuffed-mushrooms-recipe/,https://schnellrezept.com/en/stuffed-mushrooms-recipe/
/en/cranberry-cream-cheese-dip-recipe/,https://schnellrezept.com/en/cranberry-cream-cheese-dip-recipe/
/en/cranberry-brie-dip-recipe/,https://schnellrezept.com/en/cranberry-brie-dip-recipe/
/en/brussel-sprout-salad-recipe/,https://schnellrezept.com/en/brussel-sprout-salad-recipe/
/en/crispy-parmesan-potatoes-recipe/,https://schnellrezept.com/en/crispy-parmesan-potatoes-recipe/
/en/crockpot-potatoes-recipe/,https://schnellrezept.com/en/crockpot-potatoes-recipe/
/en/chicken-fajitas-recipe/,https://schnellrezept.com/en/chicken-fajitas-recipe/
/en/oreo-balls-recipe/,https://schnellrezept.com/en/oreo-balls-recipe/
/en/hot-cocoa-cookies-recipe/,https://schnellrezept.com/en/hot-cocoa-cookies-recipe/
/en/shepherds-pie-soup-recipe/,https://schnellrezept.com/en/shepherds-pie-soup-recipe/
/en/gingerbread-snowballs-recipe/,https://schnellrezept.com/en/gingerbread-snowballs-recipe/
/en/lemon-chicken-recipe/,https://schnellrezept.com/en/lemon-chicken-recipe/
/en/crock-pot-beef-tips-and-gravy-recipe/,https://schnellrezept.com/en/crock-pot-beef-tips-and-gravy-recipe/
/en/meatballs-recipe/,https://schnellrezept.com/en/meatballs-recipe/
/en/bacon-ranch-cheese-ball-recipe/,https://schnellrezept.com/en/bacon-ranch-cheese-ball-recipe/
/en/fudge-cheesecake-brownies-recipe/,https://schnellrezept.com/en/fudge-cheesecake-brownies-recipe/
/en/chicken-tinga-recipe/,https://schnellrezept.com/en/chicken-tinga-recipe/
/en/crockpot-brownies-pudding-recipe/,https://schnellrezept.com/en/crockpot-brownies-pudding-recipe/
/en/flour-tortillas-recipe/,https://schnellrezept.com/en/flour-tortillas-recipe/
/en/carne-asada-street-tacos-recipe/,https://schnellrezept.com/en/carne-asada-street-tacos-recipe/
/en/tacos-dorados/,https://schnellrezept.com/en/tacos-dorados/
/en/red-velvet-cheesecake-bites-recipe/,https://schnellrezept.com/en/red-velvet-cheesecake-bites-recipe/
/en/chicken-cacciatore-recipe/,https://schnellrezept.com/en/chicken-cacciatore-recipe/
/en/pumpkin-cheesecake-cookies-recipe/,https://schnellrezept.com/en/pumpkin-cheesecake-cookies-recipe/
/en/red-velvet-cupcakes-recipe/,https://schnellrezept.com/en/red-velvet-cupcakes-recipe/
/en/red-velvet-cake-recipe/,https://schnellrezept.com/en/red-velvet-cake-recipe/
/en/chicken-quesadilla-recipe/,https://schnellrezept.com/en/chicken-quesadilla-recipe/
/en/pesto-chicken-recipe/,https://schnellrezept.com/en/pesto-chicken-recipe/
/en/chicken-bacon-ranch-pasta-recipe/,https://schnellrezept.com/en/chicken-bacon-ranch-pasta-recipe/
/en/chicken-divan-recipe/,https://schnellrezept.com/en/chicken-divan-recipe/
/en/apple-fritter-bread-recipe/,https://schnellrezept.com/en/apple-fritter-bread-recipe/
/en/texas-roadhouse-rolls-recipe/,https://schnellrezept.com/en/texas-roadhouse-rolls-recipe/
/en/peach-fritters-recipe/,https://schnellrezept.com/en/peach-fritters-recipe/
/en/apple-crisp-coffee-cake/,https://schnellrezept.com/en/apple-crisp-coffee-cake/
/en/baked-chicken-and-ricotta-meatballs-recipe/,https://schnellrezept.com/en/baked-chicken-and-ricotta-meatballs-recipe/
/en/bang-bang-chicken-recipe/,https://schnellrezept.com/en/bang-bang-chicken-recipe/
/en/baked-chicken-breast-recipe/,https://schnellrezept.com/en/baked-chicken-breast-recipe/
/en/tuscan-chicken-pasta-recipe/,https://schnellrezept.com/en/tuscan-chicken-pasta-recipe/
/en/mashed-potato-cheese-puffs-recipe/,https://schnellrezept.com/en/mashed-potato-cheese-puffs-recipe/
/en/broccoli-salad-with-grapes-recipe/,https://schnellrezept.com/en/broccoli-salad-with-grapes-recipe/
/en/broccoli-bacon-salad-recipe/,https://schnellrezept.com/en/broccoli-bacon-salad-recipe/
/en/sweet-potatoes-and-carrots-recipe/,https://schnellrezept.com/en/sweet-potatoes-and-carrots-recipe/
/en/baked-mashed-potatoes-recipe/,https://schnellrezept.com/en/baked-mashed-potatoes-recipe/
/en/maple-brown-sugar-glazed-carrots-recipes/,https://schnellrezept.com/en/maple-brown-sugar-glazed-carrots-recipes/
/en/apple-cranberry-walnut-salad/,https://schnellrezept.com/en/apple-cranberry-walnut-salad/
/en/cranberry-pecan-salad-recipe/,https://schnellrezept.com/en/cranberry-pecan-salad-recipe/
/en/chilis-chicken-enchilada-soup-recipe/,https://schnellrezept.com/en/chilis-chicken-enchilada-soup-recipe/
/en/slow-cooker-green-enchiladas-chicken-soup/,https://schnellrezept.com/en/slow-cooker-green-enchiladas-chicken-soup/
/en/baked-honey-dijon-chicken-recipe/,https://schnellrezept.com/en/baked-honey-dijon-chicken-recipe/
/en/chicken-corn-chowder-recipe/,https://schnellrezept.com/en/chicken-corn-chowder-recipe/
/en/corn-chowder-recipe/,https://schnellrezept.com/en/corn-chowder-recipe/
/en/beef-barley-soup-recipe/,https://schnellrezept.com/en/beef-barley-soup-recipe/
/en/chocolate-crinkle-cookie-recipe/,https://schnellrezept.com/en/chocolate-crinkle-cookie-recipe/
/en/double-chocolate-snowball-cookies-recipe/,https://schnellrezept.com/en/double-chocolate-snowball-cookies-recipe/
/en/oreo-lemon-dessert-recipe/,https://schnellrezept.com/en/oreo-lemon-dessert-recipe/
/en/mushroom-chicken-and-wild-rice-soup-recipe/,https://schnellrezept.com/en/mushroom-chicken-and-wild-rice-soup-recipe/
/en/mexican-street-corn-soup-recipe/,https://schnellrezept.com/en/mexican-street-corn-soup-recipe/
/en/chicken-taco-soup-recipe/,https://schnellrezept.com/en/chicken-taco-soup-recipe/
/en/paula-deens-corn-casserole/,https://schnellrezept.com/en/paula-deens-corn-casserole/
/en/olive-garden-alfredo-sauce-recipe/,https://schnellrezept.com/en/olive-garden-alfredo-sauce-recipe/
/en/cowboy-queso-dip-recipe/,https://schnellrezept.com/en/cowboy-queso-dip-recipe/
/en/garlic-parmesan-pasta-recipe/,https://schnellrezept.com/en/garlic-parmesan-pasta-recipe/
/en/chicken-spaghetti-recipe/,https://schnellrezept.com/en/chicken-spaghetti-recipe/
/en/mushroom-tart-recipe/,https://schnellrezept.com/en/mushroom-tart-recipe/
/en/white-chicken-chili-slow-cooker-recipe/,https://schnellrezept.com/en/white-chicken-chili-slow-cooker-recipe/
/en/creamy-ranch-chicken-breasts-recipe/,https://schnellrezept.com/en/creamy-ranch-chicken-breasts-recipe/
/en/oven-baked-baked-potato-slices-recipe/,https://schnellrezept.com/en/oven-baked-baked-potato-slices-recipe/
/en/rice-krispie-bars-recipe/,https://schnellrezept.com/en/rice-krispie-bars-recipe/
/en/rice-krispie-treats-with-chocolate-chips/,https://schnellrezept.com/en/rice-krispie-treats-with-chocolate-chips/
/en/stuffed-snowball-recipe/,https://schnellrezept.com/en/stuffed-snowball-recipe/
/en/christmas-cookie-bars-recipe/,https://schnellrezept.com/en/christmas-cookie-bars-recipe/
/en/no-bake-oreo-cheesecake-dessert-recipe/,https://schnellrezept.com/en/no-bake-oreo-cheesecake-dessert-recipe/
/en/raspberry-chocolate-chip-cookies-recipe/,https://schnellrezept.com/en/raspberry-chocolate-chip-cookies-recipe/
/en/mozzarella-stuffed-soft-pretzels-recipe/,https://schnellrezept.com/en/mozzarella-stuffed-soft-pretzels-recipe/
/en/vanilla-french-beignets/,https://schnellrezept.com/en/vanilla-french-beignets/
/en/chocolate-marshmallow-cookies-recipe/,https://schnellrezept.com/en/chocolate-marshmallow-cookies-recipe/
/en/peanut-butter-cookie-gooey-bars/,https://schnellrezept.com/en/peanut-butter-cookie-gooey-bars/
/en/pumpkin-spice-monkey-bread-recipe/,https://schnellrezept.com/en/pumpkin-spice-monkey-bread-recipe/
/en/chicken-bacon-ranch-tater-tot-casserole/,https://schnellrezept.com/en/chicken-bacon-ranch-tater-tot-casserole/
/en/german-chocolate-cheesecake-recipe/,https://schnellrezept.com/en/german-chocolate-cheesecake-recipe/
/en/almond-joy-poke-cake-recipe/,https://schnellrezept.com/en/almond-joy-poke-cake-recipe/
/en/baked-churro-donuts-recipe/,https://schnellrezept.com/en/baked-churro-donuts-recipe/
/en/crockpot-bbq-pulled-chicken-recipe/,https://schnellrezept.com/en/crockpot-bbq-pulled-chicken-recipe/
/en/crockpot-buffalo-ranch-chicken-recipe/,https://schnellrezept.com/en/crockpot-buffalo-ranch-chicken-recipe/
/en/crockpot-chicken-tikka-masala-recipe/,https://schnellrezept.com/en/crockpot-chicken-tikka-masala-recipe/
/en/crockpot-indian-butter-chicken-recipe/,https://schnellrezept.com/en/crockpot-indian-butter-chicken-recipe/
/en/crock-pot-honey-mustard-chicken-recipe/,https://schnellrezept.com/en/crock-pot-honey-mustard-chicken-recipe/
/en/pumpkin-spice-oatmeal-cookies-recipe/,https://schnellrezept.com/en/pumpkin-spice-oatmeal-cookies-recipe/
/en/fried-apple-pies-recipe/,https://schnellrezept.com/en/fried-apple-pies-recipe/
/en/baked-stuffed-shrimp-casserole-recipe/,https://schnellrezept.com/en/baked-stuffed-shrimp-casserole-recipe/
/en/instant-pot-pot-roast-recipe/,https://schnellrezept.com/en/instant-pot-pot-roast-recipe/
/en/snickerdoodle-cobbler-recipe/,https://schnellrezept.com/en/snickerdoodle-cobbler-recipe/
/en/pumpkin-waffles-recipe/,https://schnellrezept.com/en/pumpkin-waffles-recipe/
/en/carrot-muffins-with-yogurt-frosting-and-honey-recipe/,https://schnellrezept.com/en/carrot-muffins-with-yogurt-frosting-and-honey-recipe/
/en/peanut-butter-brownie-swirl-cookies-recipe/,https://schnellrezept.com/en/peanut-butter-brownie-swirl-cookies-recipe/
/en/sweet-alabama-pecan-bread-recipe/,https://schnellrezept.com/en/sweet-alabama-pecan-bread-recipe/
/en/lasagna-soup/,https://schnellrezept.com/en/lasagna-soup/
/en/olive-garden-chicken-gnocchi-soup/,https://schnellrezept.com/en/olive-garden-chicken-gnocchi-soup/
/en/sausage-tortellini-soup-recipe/,https://schnellrezept.com/en/sausage-tortellini-soup-recipe/
/en/cheesy-rotel-chicken-recipe/,https://schnellrezept.com/en/cheesy-rotel-chicken-recipe/
/en/no-bake-crunch-bars-recipe/,https://schnellrezept.com/en/no-bake-crunch-bars-recipe/
/en/cheesy-hamburger-rice-casserole-recipe/,https://schnellrezept.com/en/cheesy-hamburger-rice-casserole-recipe/
/en/hamburger-steak-with-onions-and-gravy-recipe/,https://schnellrezept.com/en/hamburger-steak-with-onions-and-gravy-recipe/
/en/hamburger-potato-casserole-recipe/,https://schnellrezept.com/en/hamburger-potato-casserole-recipe/
/en/cheeseburger-soup-recipe/,https://schnellrezept.com/en/cheeseburger-soup-recipe/
/en/marry-me-chicken-soup-recipe/,https://schnellrezept.com/en/marry-me-chicken-soup-recipe/
/en/minestrone-soup-recipe/,https://schnellrezept.com/en/minestrone-soup-recipe/
/en/spicy-kani-salad-recipe/,https://schnellrezept.com/en/spicy-kani-salad-recipe/
/en/meatball-stew-with-orzo-and-beans-recipe/,https://schnellrezept.com/en/meatball-stew-with-orzo-and-beans-recipe/
/en/bacon-brown-sugar-garlic-chicken/,https://schnellrezept.com/en/bacon-brown-sugar-garlic-chicken/
/en/crock-pot-chicken-thighs-recipe/,https://schnellrezept.com/en/crock-pot-chicken-thighs-recipe/
/en/creamy-chicken-and-rice-casserole-recipe/,https://schnellrezept.com/en/creamy-chicken-and-rice-casserole-recipe/
/en/pizza-grilled-cheese-recipe/,https://schnellrezept.com/en/pizza-grilled-cheese-recipe/
/en/caramel-brownie-cheesecake-recipe/,https://schnellrezept.com/en/caramel-brownie-cheesecake-recipe/
/en/baked-shrimp-in-lemon-butter-sauce-recipe/,https://schnellrezept.com/en/baked-shrimp-in-lemon-butter-sauce-recipe/
/en/golden-seared-cod-with-herb-butter-sauce-recipe/,https://schnellrezept.com/en/golden-seared-cod-with-herb-butter-sauce-recipe/
/en/garlic-parmesan-mashed-potato-cups-recipe/,https://schnellrezept.com/en/garlic-parmesan-mashed-potato-cups-recipe/
/en/irish-bacon-cabbage-and-potato-soup-recipe/,https://schnellrezept.com/en/irish-bacon-cabbage-and-potato-soup-recipe/
/en/copycat-longhorn-parmesan-crusted-chicken-recipe/,https://schnellrezept.com/en/copycat-longhorn-parmesan-crusted-chicken-recipe/
/en/cinnamon-roll-cheesecake-recipe/,https://schnellrezept.com/en/cinnamon-roll-cheesecake-recipe/
/en/french-onion-soup/,https://schnellrezept.com/en/french-onion-soup/
/en/cabbage-soup/,https://schnellrezept.com/en/cabbage-soup/
/en/chicken-soup/,https://schnellrezept.com/en/chicken-soup/
/en/tomato-soup/,https://schnellrezept.com/en/tomato-soup/
/en/tortellini-soup/,https://schnellrezept.com/en/tortellini-soup/
/en/vegetable-soup/,https://schnellrezept.com/en/vegetable-soup/
/en/chicken-tortilla-soup/,https://schnellrezept.com/en/chicken-tortilla-soup/
/en/butternut-squash-soup/,https://schnellrezept.com/en/butternut-squash-soup/
/en/crockpot-parmesan-garlic-chicken-pasta/,https://schnellrezept.com/en/crockpot-parmesan-garlic-chicken-pasta/
/en/taco-soup/,https://schnellrezept.com/en/taco-soup/
/en/lasagna-soup-recipes/,https://schnellrezept.com/en/lasagna-soup-recipes/
/en/gruner-spargel-aus-dem-ofen/,https://schnellrezept.com/en/gruner-spargel-aus-dem-ofen/
/en/nudelsuppe-mit-mohre-und-ei/,https://schnellrezept.com/en/nudelsuppe-mit-mohre-und-ei/
/en/chicken-bacon-ranch-potato-casserole/,https://schnellrezept.com/en/chicken-bacon-ranch-potato-casserole/
/en/gnocchi-pfanne-schnell-einfach/,https://schnellrezept.com/en/gnocchi-pfanne-schnell-einfach/
/en/klassisches-rindergulasch-deftig-und-zart/,https://schnellrezept.com/en/klassisches-rindergulasch-deftig-und-zart/
/en/kaiserschmarrn-rezept-einfach-und-fluffig-selber-machen/,https://schnellrezept.com/en/kaiserschmarrn-rezept-einfach-und-fluffig-selber-machen/
/en/knusprige-ofenkartoffeln-mit-salat-einfaches-bowl-rezept/,https://schnellrezept.com/en/knusprige-ofenkartoffeln-mit-salat-einfaches-bowl-rezept/
/en/pasta-mit-lachs-und-sahnesose/,https://schnellrezept.com/en/pasta-mit-lachs-und-sahnesose/
/en/stracotto-di-manzo-italienischer-rinderbraten-zum-dahinschmelzen/,https://schnellrezept.com/en/stracotto-di-manzo-italienischer-rinderbraten-zum-dahinschmelzen/
/en/saftige-schokomuffins-mit-ol/,https://schnellrezept.com/en/saftige-schokomuffins-mit-ol/
/en/low-carb-pizza-suppe/,https://schnellrezept.com/en/low-carb-pizza-suppe/
/en/chicken-alfredo-cremige-pasta-mit-hahnchen/,https://schnellrezept.com/en/chicken-alfredo-cremige-pasta-mit-hahnchen/
/en/marzipan-platzchen-so-saftig/,https://schnellrezept.com/en/marzipan-platzchen-so-saftig/
/en/uberbackene-hackballchen-mit-mozzarella/,https://schnellrezept.com/en/uberbackene-hackballchen-mit-mozzarella/
/en/doritos-taco-casserole/,https://schnellrezept.com/en/doritos-taco-casserole/
/en/zitronenkuchen-vom-blech-saftig-einfach/,https://schnellrezept.com/en/zitronenkuchen-vom-blech-saftig-einfach/
/en/bratapfel-zimt-creme-ein-weihnachtliches-dessert/,https://schnellrezept.com/en/bratapfel-zimt-creme-ein-weihnachtliches-dessert/
/en/schichtkohl-mit-hackfleisch/,https://schnellrezept.com/en/schichtkohl-mit-hackfleisch/
/en/speck-pilz-pfannchen-schnell-herzhaft-und-kostlich/,https://schnellrezept.com/en/speck-pilz-pfannchen-schnell-herzhaft-und-kostlich/
/en/lachs-sahne-gratin-einfacher-genuss-aus-dem-ofen/,https://schnellrezept.com/en/lachs-sahne-gratin-einfacher-genuss-aus-dem-ofen/
/en/knoblauchsose-das-beste-rezept/,https://schnellrezept.com/en/knoblauchsose-das-beste-rezept/
/en/gemuse-curry-mit-kokosmilch/,https://schnellrezept.com/en/gemuse-curry-mit-kokosmilch/
/en/chicken-fettuccine-alfredo/,https://schnellrezept.com/en/chicken-fettuccine-alfredo/
/en/feta-creme-dip-wie-vom-griechen-unfassbar-lecker-einfach/,https://schnellrezept.com/en/feta-creme-dip-wie-vom-griechen-unfassbar-lecker-einfach/
/en/hahnchen-mit-kartoffel-gemuse-in-tomatensose/,https://schnellrezept.com/en/hahnchen-mit-kartoffel-gemuse-in-tomatensose/
/en/eingelegter-mozzarella-antipasti-vom-feinsten/,https://schnellrezept.com/en/eingelegter-mozzarella-antipasti-vom-feinsten/
/en/crock-pot-buffalo-chicken-pasta/,https://schnellrezept.com/en/crock-pot-buffalo-chicken-pasta/
/en/pumpkin-chocolate-chip-muffins-recipe/,https://schnellrezept.com/en/pumpkin-chocolate-chip-muffins-recipe/
/en/pumpkin-chocolate-chip-cupcakes-recipe/,https://schnellrezept.com/en/pumpkin-chocolate-chip-cupcakes-recipe/
/en/sausage-cream-cheese-crescents-recipe/,https://schnellrezept.com/en/sausage-cream-cheese-crescents-recipe/
/en/pecan-cobbler-recipe/,https://schnellrezept.com/en/pecan-cobbler-recipe/
/en/birthday-cake-recipe/,https://schnellrezept.com/en/birthday-cake-recipe/
/en/tiramisu-cake-recipe/,https://schnellrezept.com/en/tiramisu-cake-recipe/
/en/white-chocolate-macadamia-nut-cookies-recipe/,https://schnellrezept.com/en/white-chocolate-macadamia-nut-cookies-recipe/
/en/garlic-butter-shrimp-recipe/,https://schnellrezept.com/en/garlic-butter-shrimp-recipe/
/en/strawberry-muffins-recipe/,https://schnellrezept.com/en/strawberry-muffins-recipe/
/en/candied-walnuts-recipe/,https://schnellrezept.com/en/candied-walnuts-recipe/
/en/fish-taco-sauce-recipe/,https://schnellrezept.com/en/fish-taco-sauce-recipe/
/en/beef-and-potatoes/,https://schnellrezept.com/en/beef-and-potatoes/
/en/wonton-noodle-soup-recipe/,https://schnellrezept.com/en/wonton-noodle-soup-recipe/
/en/tuna-salad-recipe/,https://schnellrezept.com/en/tuna-salad-recipe/
/en/watermelon-sorbet-recipe/,https://schnellrezept.com/en/watermelon-sorbet-recipe/
/en/smoothie-king-recipe/,https://schnellrezept.com/en/smoothie-king-recipe/
/en/strawberry-jam-scones-recipe/,https://schnellrezept.com/en/strawberry-jam-scones-recipe/
/en/chocolate-cupcakes-recipe/,https://schnellrezept.com/en/chocolate-cupcakes-recipe/
/en/cherry-cobbler-recipe/,https://schnellrezept.com/en/cherry-cobbler-recipe/
/en/instant-pot-rice-recipe/,https://schnellrezept.com/en/instant-pot-rice-recipe/
/en/chocolate-balls-recipe/,https://schnellrezept.com/en/chocolate-balls-recipe/
/en/keto-meatloaf-recipe/,https://schnellrezept.com/en/keto-meatloaf-recipe/
/en/summer-sangria-recipes/,https://schnellrezept.com/en/summer-sangria-recipes/
/en/buffalo-sauce-recipe/,https://schnellrezept.com/en/buffalo-sauce-recipe/
/en/peppermint-bark-recipe/,https://schnellrezept.com/en/peppermint-bark-recipe/
/en/paella-light-summer-dinner-recipes/,https://schnellrezept.com/en/paella-light-summer-dinner-recipes/
/en/air-fryer-fried-chicken-recipe/,https://schnellrezept.com/en/air-fryer-fried-chicken-recipe/
/en/gourmet-cookie-recipe/,https://schnellrezept.com/en/gourmet-cookie-recipe/
/en/irish-coffee-recipe/,https://schnellrezept.com/en/irish-coffee-recipe/
/en/lemon-blueberry-muffins-recipe/,https://schnellrezept.com/en/lemon-blueberry-muffins-recipe/
/en/corn-salsa-recipe/,https://schnellrezept.com/en/corn-salsa-recipe/
/en/potato-bread-knots-recipe/,https://schnellrezept.com/en/potato-bread-knots-recipe/
/en/energy-balls-recipe/,https://schnellrezept.com/en/energy-balls-recipe/
/en/cowboy-caviar-recipe/,https://schnellrezept.com/en/cowboy-caviar-recipe/
/en/pigs-in-a-blanket-recipe/,https://schnellrezept.com/en/pigs-in-a-blanket-recipe/
/en/crispy-air-fryer-brussels-sprouts/,https://schnellrezept.com/en/crispy-air-fryer-brussels-sprouts/
/en/peanut-butter-chocolate-chip-cookies-recipe/,https://schnellrezept.com/en/peanut-butter-chocolate-chip-cookies-recipe/
/en/christmas-cheese-ball-recipe/,https://schnellrezept.com/en/christmas-cheese-ball-recipe/
/en/peanut-brittle-recipe/,https://schnellrezept.com/en/peanut-brittle-recipe/
/en/chicken-salad-with-grapes-recipe/,https://schnellrezept.com/en/chicken-salad-with-grapes-recipe/
/en/beer-cheese-dip-recipe/,https://schnellrezept.com/en/beer-cheese-dip-recipe/
/en/lemon-chicken-orzo-soup-recipe/,https://schnellrezept.com/en/lemon-chicken-orzo-soup-recipe/
/en/seeded-sandwich-bread-recipe/,https://schnellrezept.com/en/seeded-sandwich-bread-recipe/
/en/broccoli-slaw-recipe/,https://schnellrezept.com/en/broccoli-slaw-recipe/
/en/apple-cake-recipe/,https://schnellrezept.com/en/apple-cake-recipe/
/en/manhattan-clam-chowder-recipe/,https://schnellrezept.com/en/manhattan-clam-chowder-recipe/
/en/chicken-wild-rice-soup-recipe/,https://schnellrezept.com/en/chicken-wild-rice-soup-recipe/
/en/air-fryer-brussels-sprouts-recipe/,https://schnellrezept.com/en/air-fryer-brussels-sprouts-recipe/
/en/slow-cooker-chicken-tacos-recipe/,https://schnellrezept.com/en/slow-cooker-chicken-tacos-recipe/
/en/pasta-alla-norma-recipe/,https://schnellrezept.com/en/pasta-alla-norma-recipe/
/en/eel-sauce-recipe/,https://schnellrezept.com/en/eel-sauce-recipe/
/en/easy-oven-roasted-potatoes-recipe/,https://schnellrezept.com/en/easy-oven-roasted-potatoes-recipe/
/en/blueberry-cake-recipes/,https://schnellrezept.com/en/blueberry-cake-recipes/
/en/bang-bang-shrimp-recipe/,https://schnellrezept.com/en/bang-bang-shrimp-recipe/
/en/anti-inflammatory-soup-recipe/,https://schnellrezept.com/en/anti-inflammatory-soup-recipe/
/en/brown-sugar-cookies-recipe/,https://schnellrezept.com/en/brown-sugar-cookies-recipe/
/en/homemade-bread-recipe/,https://schnellrezept.com/en/homemade-bread-recipe/
/en/avocado-toast-recipe/,https://schnellrezept.com/en/avocado-toast-recipe/
/en/starbucks-iced-coffee-drinks-recipe/,https://schnellrezept.com/en/starbucks-iced-coffee-drinks-recipe/
/en/apple-cider-donuts-recipe/,https://schnellrezept.com/en/apple-cider-donuts-recipe/
/en/oven-fried-crispy-green-beans-recipe/,https://schnellrezept.com/en/oven-fried-crispy-green-beans-recipe/
/en/saltine-toffee-bark-recipe/,https://schnellrezept.com/en/saltine-toffee-bark-recipe/
/en/finger-foods-recipe/,https://schnellrezept.com/en/finger-foods-recipe/
/en/cucumber-tomato-salad-recipe/,https://schnellrezept.com/en/cucumber-tomato-salad-recipe/
/en/sausage-balls-recipe/,https://schnellrezept.com/en/sausage-balls-recipe/
/en/no-bake-chocolate-oatmeal-cookies-recipe/,https://schnellrezept.com/en/no-bake-chocolate-oatmeal-cookies-recipe/
/en/key-lime-pie-recipe/,https://schnellrezept.com/en/key-lime-pie-recipe/
/en/buffalo-chicken-pasta-recipe/,https://schnellrezept.com/en/buffalo-chicken-pasta-recipe/
/en/chicken-nuggets-air-fryer-recipe/,https://schnellrezept.com/en/chicken-nuggets-air-fryer-recipe/
/en/panzanella-salad-recipe/,https://schnellrezept.com/en/panzanella-salad-recipe/
/en/popcorn-chicken-recipe/,https://schnellrezept.com/en/popcorn-chicken-recipe/
/en/creme-brulee-recipe/,https://schnellrezept.com/en/creme-brulee-recipe/
/en/mississippi-pot-roast-recipe/,https://schnellrezept.com/en/mississippi-pot-roast-recipe/
/en/strawberry-rhubarb-pie-recipe/,https://schnellrezept.com/en/strawberry-rhubarb-pie-recipe/
/en/coffee-cake-recipe/,https://schnellrezept.com/en/coffee-cake-recipe/
/en/air-fryer-baked-potatoes-recipe/,https://schnellrezept.com/en/air-fryer-baked-potatoes-recipe/
/en/pavlova-recipe/,https://schnellrezept.com/en/pavlova-recipe/
/en/chicken-stir-fry-recipe/,https://schnellrezept.com/en/chicken-stir-fry-recipe/
/en/coconut-rice-recipe/,https://schnellrezept.com/en/coconut-rice-recipe/
/en/tres-leches-cake-recipe/,https://schnellrezept.com/en/tres-leches-cake-recipe/
/en/shrimp-cocktail-recipe/,https://schnellrezept.com/en/shrimp-cocktail-recipe/
/en/banh-mi-sandwich-recipe/,https://schnellrezept.com/en/banh-mi-sandwich-recipe/
/en/ramen-salad-recipe/,https://schnellrezept.com/en/ramen-salad-recipe/
/en/victoria-sponge-recipe/,https://schnellrezept.com/en/victoria-sponge-recipe/
/en/potato-salad-recipes/,https://schnellrezept.com/en/potato-salad-recipes/
/en/hummus-recipe/,https://schnellrezept.com/en/hummus-recipe/
/en/marinara-sauce-recipe/,https://schnellrezept.com/en/marinara-sauce-recipe/
/en/honey-butter-fried-chicken-recipe/,https://schnellrezept.com/en/honey-butter-fried-chicken-recipe/
/en/15-bean-soup-recipe/,https://schnellrezept.com/en/15-bean-soup-recipe/
/en/classic-mm-cookies-recipe/,https://schnellrezept.com/en/classic-mm-cookies-recipe/
/en/mushroom-risotto-recipe/,https://schnellrezept.com/en/mushroom-risotto-recipe/
/en/air-fryer-salmon-bowl-recipe/,https://schnellrezept.com/en/air-fryer-salmon-bowl-recipe/
/en/peanut-butter-cookies-recipe/,https://schnellrezept.com/en/peanut-butter-cookies-recipe/
/en/oven-roasted-potatoes-recipe/,https://schnellrezept.com/en/oven-roasted-potatoes-recipe/
/en/slow-cooker-buffalo-chicken-dip-recipe/,https://schnellrezept.com/en/slow-cooker-buffalo-chicken-dip-recipe/
/en/black-bean-soup-recip/,https://schnellrezept.com/en/black-bean-soup-recip/
/en/stuffed-zucchini-recipe/,https://schnellrezept.com/en/stuffed-zucchini-recipe/
/en/smoked-queso-dip-recipe/,https://schnellrezept.com/en/smoked-queso-dip-recipe/
/en/oatmeal-chocolate-chip-cookies-recipe/,https://schnellrezept.com/en/oatmeal-chocolate-chip-cookies-recipe/
/en/tabbouleh-recipe/,https://schnellrezept.com/en/tabbouleh-recipe/
/en/baked-oatmeal-recipe/,https://schnellrezept.com/en/baked-oatmeal-recipe/
/en/red-beans-and-rice-recipe/,https://schnellrezept.com/en/red-beans-and-rice-recipe/
/en/potato-leek-soup-recipe/,https://schnellrezept.com/en/potato-leek-soup-recipe/
/en/easy-summer-salad-recipes/,https://schnellrezept.com/en/easy-summer-salad-recipes/
/en/avocado-smoothie-recipe/,https://schnellrezept.com/en/avocado-smoothie-recipe/
/en/pickled-red-onions-recipe/,https://schnellrezept.com/en/pickled-red-onions-recipe/
/en/squash-blossom-recipe/,https://schnellrezept.com/en/squash-blossom-recipe/
/en/peach-galette-recipes/,https://schnellrezept.com/en/peach-galette-recipes/
/en/banana-cream-pie-recipe/,https://schnellrezept.com/en/banana-cream-pie-recipe/
/en/hibachi-fried-rice/,https://schnellrezept.com/en/hibachi-fried-rice/
/en/lemon-curd-recipe/,https://schnellrezept.com/en/lemon-curd-recipe/
/en/cream-cheese-brownies-recipe/,https://schnellrezept.com/en/cream-cheese-brownies-recipe/
/en/potato-pancakes-recipe/,https://schnellrezept.com/en/potato-pancakes-recipe/
/en/turkey-sausage-gravy-recipe/,https://schnellrezept.com/en/turkey-sausage-gravy-recipe/
/en/pizza-pepperoni/,https://schnellrezept.com/en/pizza-pepperoni/
/en/gnocchi-recipe/,https://schnellrezept.com/en/gnocchi-recipe/
/en/peanut-butter-blossoms-recipe/,https://schnellrezept.com/en/peanut-butter-blossoms-recipe/
/en/cilantro-lime-chicken-recipe/,https://schnellrezept.com/en/cilantro-lime-chicken-recipe/
/en/fried-green-tomatoes-recipe/,https://schnellrezept.com/en/fried-green-tomatoes-recipe/
/en/chicken-marsala-recipe/,https://schnellrezept.com/en/chicken-marsala-recipe/
/en/asian-cucumber-salad-recipe/,https://schnellrezept.com/en/asian-cucumber-salad-recipe/
/en/strawberry-banana-smoothie-recipe/,https://schnellrezept.com/en/strawberry-banana-smoothie-recipe/
/en/air-fryer-vegetables-recipe/,https://schnellrezept.com/en/air-fryer-vegetables-recipe/
/en/spaghetti-squash-recipe/,https://schnellrezept.com/en/spaghetti-squash-recipe/
/en/cheese-platter-recipe/,https://schnellrezept.com/en/cheese-platter-recipe/
/en/blueberry-muffins-recipe/,https://schnellrezept.com/en/blueberry-muffins-recipe/
/en/air-fryer-green-beans-recipe/,https://schnellrezept.com/en/air-fryer-green-beans-recipe/
/en/souffle-pancakes-recipe/,https://schnellrezept.com/en/souffle-pancakes-recipe/
/en/chicken-thighs-recipe/,https://schnellrezept.com/en/chicken-thighs-recipe/
/en/cherry-limeade-recipe/,https://schnellrezept.com/en/cherry-limeade-recipe/
/en/tuna-casserole-recipe/,https://schnellrezept.com/en/tuna-casserole-recipe/
/en/peach-dump-cake-recipe/,https://schnellrezept.com/en/peach-dump-cake-recipe/
/en/banana-pepper-recipe/,https://schnellrezept.com/en/banana-pepper-recipe/
/en/baked-chicken-with-cream-of-chicken-soup-recipe/,https://schnellrezept.com/en/baked-chicken-with-cream-of-chicken-soup-recipe/
/en/instant-pot-beef-stew-recipe/,https://schnellrezept.com/en/instant-pot-beef-stew-recipe/
/en/instant-pot-chicken-thighs-recipe/,https://schnellrezept.com/en/instant-pot-chicken-thighs-recipe/
/en/lemon-bars-recipe/,https://schnellrezept.com/en/lemon-bars-recipe/
/en/zaatar-sourdough-bagels-recipe/,https://schnellrezept.com/en/zaatar-sourdough-bagels-recipe/
/en/honey-garlic-salmon-recipe/,https://schnellrezept.com/en/honey-garlic-salmon-recipe/
/en/szechuan-chicken-recipe/,https://schnellrezept.com/en/szechuan-chicken-recipe/
/en/homemade-protein-bars-recipe/,https://schnellrezept.com/en/homemade-protein-bars-recipe/
/en/lemon-pepper-chicken-wings-recipe/,https://schnellrezept.com/en/lemon-pepper-chicken-wings-recipe/
/en/chicken-saltimbocca-recipe/,https://schnellrezept.com/en/chicken-saltimbocca-recipe/
/en/saltines-recipe/,https://schnellrezept.com/en/saltines-recipe/
/en/coconut-cream-pie-recipe/,https://schnellrezept.com/en/coconut-cream-pie-recipe/
/en/sauteed-cabbage-recipe/,https://schnellrezept.com/en/sauteed-cabbage-recipe/
/en/macaroni-salad-recipe/,https://schnellrezept.com/en/macaroni-salad-recipe/
/en/sourdough-burger-buns-recipe/,https://schnellrezept.com/en/sourdough-burger-buns-recipe/
/en/roasted-red-potatoes-recipe/,https://schnellrezept.com/en/roasted-red-potatoes-recipe/
/en/mulberry-cake-recipe/,https://schnellrezept.com/en/mulberry-cake-recipe/
/en/whole-grain-sourdough-bread-recipe/,https://schnellrezept.com/en/whole-grain-sourdough-bread-recipe/
/en/summer-pasta-salad-recipes/,https://schnellrezept.com/en/summer-pasta-salad-recipes/
/en/chicken-and-gnocchi-soup-recipe/,https://schnellrezept.com/en/chicken-and-gnocchi-soup-recipe/
/en/roasted-asparagus-recipe/,https://schnellrezept.com/en/roasted-asparagus-recipe/
/en/basil-chicken-recipe/,https://schnellrezept.com/en/basil-chicken-recipe/
/en/chocolate-zucchini-bread-recipe/,https://schnellrezept.com/en/chocolate-zucchini-bread-recipe/
/en/pound-cake-from-cake-mix-boxes-recipe/,https://schnellrezept.com/en/pound-cake-from-cake-mix-boxes-recipe/
/en/cheese-balls-recipe/,https://schnellrezept.com/en/cheese-balls-recipe/
/en/butter-biscuits-recipe/,https://schnellrezept.com/en/butter-biscuits-recipe/
/en/french-onion-soup-recipe/,https://schnellrezept.com/en/french-onion-soup-recipe/
/en/air-fryer-zucchini-fries-recipe/,https://schnellrezept.com/en/air-fryer-zucchini-fries-recipe/
/en/wacky-cake-recipe/,https://schnellrezept.com/en/wacky-cake-recipe/
/en/tofu-stir-fry-recipe/,https://schnellrezept.com/en/tofu-stir-fry-recipe/
/en/tomato-basil-soup-recipe/,https://schnellrezept.com/en/tomato-basil-soup-recipe/
/en/lemon-blueberry-bread-recipe/,https://schnellrezept.com/en/lemon-blueberry-bread-recipe/
/en/vegan-blt-sandwich-recipe/,https://schnellrezept.com/en/vegan-blt-sandwich-recipe/
/en/crock-pot-mac-and-cheese-recipe/,https://schnellrezept.com/en/crock-pot-mac-and-cheese-recipe/
/en/apple-fritters-recipe/,https://schnellrezept.com/en/apple-fritters-recipe/
/en/pot-roast-recipe/,https://schnellrezept.com/en/pot-roast-recipe/
/en/tuna-melt-recipe/,https://schnellrezept.com/en/tuna-melt-recipe/
/en/pasta-alfredo-recipe/,https://schnellrezept.com/en/pasta-alfredo-recipe/
/en/creamy-cucumber-salad-recipe/,https://schnellrezept.com/en/creamy-cucumber-salad-recipe/
/en/easy-blueberry-desserts-recipe/,https://schnellrezept.com/en/easy-blueberry-desserts-recipe/
/en/fried-okra-recipe/,https://schnellrezept.com/en/fried-okra-recipe/
/en/chicken-fettuccine-alfredo-recipe/,https://schnellrezept.com/en/chicken-fettuccine-alfredo-recipe/
/en/instant-pot-shredded-chicken-recipe/,https://schnellrezept.com/en/instant-pot-shredded-chicken-recipe/
/en/dutch-apple-pie-recipe/,https://schnellrezept.com/en/dutch-apple-pie-recipe/
/en/patty-pan-squash-recipe/,https://schnellrezept.com/en/patty-pan-squash-recipe/
/en/italian-wedding-soup-recipe/,https://schnellrezept.com/en/italian-wedding-soup-recipe/
/en/vanilla-mug-cake-recipe/,https://schnellrezept.com/en/vanilla-mug-cake-recipe/
/en/italian-pasta-salad-recipe/,https://schnellrezept.com/en/italian-pasta-salad-recipe/
/en/toad-in-the-hole-recipe/,https://schnellrezept.com/en/toad-in-the-hole-recipe/
/en/air-fryer-boneless-chicken-thighs-recipe/,https://schnellrezept.com/en/air-fryer-boneless-chicken-thighs-recipe/
/en/breakfast-burritos-recipe/,https://schnellrezept.com/en/breakfast-burritos-recipe/
/en/boneless-skinless-chicken-breast-recipe/,https://schnellrezept.com/en/boneless-skinless-chicken-breast-recipe/
/en/fondant-potatoes-recipe/,https://schnellrezept.com/en/fondant-potatoes-recipe/
/en/millionaires-shortbread-recipe/,https://schnellrezept.com/en/millionaires-shortbread-recipe/
/en/pumpkin-bread-rolls-recipe/,https://schnellrezept.com/en/pumpkin-bread-rolls-recipe/
/en/tiktok-crispy-parmesan-potatoes-recipes/,https://schnellrezept.com/en/tiktok-crispy-parmesan-potatoes-recipes/
/en/buttermilk-biscuits-recipe/,https://schnellrezept.com/en/buttermilk-biscuits-recipe/
/en/orzo-salad-recipe/,https://schnellrezept.com/en/orzo-salad-recipe/
/en/cucumber-recipes/,https://schnellrezept.com/en/cucumber-recipes/
/en/breakfast-ideas-with-biscuits-recipe/,https://schnellrezept.com/en/breakfast-ideas-with-biscuits-recipe/
/en/tuna-noodle-casserole-recipe/,https://schnellrezept.com/en/tuna-noodle-casserole-recipe/
/en/cherry-dump-cake-recipe/,https://schnellrezept.com/en/cherry-dump-cake-recipe/
/en/stuffed-pepper-soup-recipe/,https://schnellrezept.com/en/stuffed-pepper-soup-recipe/
/en/pink-drink-starbucks-recipe/,https://schnellrezept.com/en/pink-drink-starbucks-recipe/
/en/chimichurri-sauce-recipe/,https://schnellrezept.com/en/chimichurri-sauce-recipe/
/en/summer-desserts-easy-no-bake-recipe/,https://schnellrezept.com/en/summer-desserts-easy-no-bake-recipe/
/en/chow-mein-recipe/,https://schnellrezept.com/en/chow-mein-recipe/
/en/lo-mein-recipe/,https://schnellrezept.com/en/lo-mein-recipe/
/en/roast-chicken-recipe/,https://schnellrezept.com/en/roast-chicken-recipe/
/en/air-fryer-chicken-thighs-recipe/,https://schnellrezept.com/en/air-fryer-chicken-thighs-recipe/
/en/pasta-fagioli-recipe/,https://schnellrezept.com/en/pasta-fagioli-recipe/
/en/boston-cream-donuts-recipe/,https://schnellrezept.com/en/boston-cream-donuts-recipe/
/en/monster-cookies-recipe/,https://schnellrezept.com/en/monster-cookies-recipe/
/en/grilled-cheese-recipe/,https://schnellrezept.com/en/grilled-cheese-recipe/
/en/salmon-patties-recipe/,https://schnellrezept.com/en/salmon-patties-recipe/
/en/orzo-lemon-soup-recipe/,https://schnellrezept.com/en/orzo-lemon-soup-recipe/
/en/carne-asada-marinade-recipe/,https://schnellrezept.com/en/carne-asada-marinade-recipe/
/en/banana-pancakes-recipe/,https://schnellrezept.com/en/banana-pancakes-recipe/
/en/gingerbread-sourdough-donuts-recipe/,https://schnellrezept.com/en/gingerbread-sourdough-donuts-recipe/
/en/crustless-quiche-recipe/,https://schnellrezept.com/en/crustless-quiche-recipe/
/en/turkey-meatloaf-recipe/,https://schnellrezept.com/en/turkey-meatloaf-recipe/
/en/strawberry-shortcake-recipe/,https://schnellrezept.com/en/strawberry-shortcake-recipe/
/en/chicken-korma-recipe/,https://schnellrezept.com/en/chicken-korma-recipe/
/en/pina-colada-recipe/,https://schnellrezept.com/en/pina-colada-recipe/
/en/white-chicken-chili-recipe/,https://schnellrezept.com/en/white-chicken-chili-recipe/
/en/philly-cheese-steak-sloppy-joes-recipe/,https://schnellrezept.com/en/philly-cheese-steak-sloppy-joes-recipe/
/en/garlic-butter-steak-bites-recipe/,https://schnellrezept.com/en/garlic-butter-steak-bites-recipe/
/en/easy-air-fryer-chicken-drumsticks-recipe/,https://schnellrezept.com/en/easy-air-fryer-chicken-drumsticks-recipe/
/en/crab-stuffed-mushrooms-recipe/,https://schnellrezept.com/en/crab-stuffed-mushrooms-recipe/
/en/potato-pancake-recipe/,https://schnellrezept.com/en/potato-pancake-recipe/
/en/sourdough-milk-buns-recipe/,https://schnellrezept.com/en/sourdough-milk-buns-recipe/
/en/beef-stew-recipe/,https://schnellrezept.com/en/beef-stew-recipe/
/en/spaghetti-and-meatballs-recipe/,https://schnellrezept.com/en/spaghetti-and-meatballs-recipe/
/en/air-fryer-chicken-wings-recipe/,https://schnellrezept.com/en/air-fryer-chicken-wings-recipe/
/en/chocolate-cream-cheese-frosting-recipe/,https://schnellrezept.com/en/chocolate-cream-cheese-frosting-recipe/
/en/air-fryer-sweet-potato-fries-recipe/,https://schnellrezept.com/en/air-fryer-sweet-potato-fries-recipe/
/en/deviled-eggs-recipe/,https://schnellrezept.com/en/deviled-eggs-recipe/
/en/hawaiian-roll-sliders-recipe/,https://schnellrezept.com/en/hawaiian-roll-sliders-recipe/
/en/mexican-casserole-recipe/,https://schnellrezept.com/en/mexican-casserole-recipe/
/en/chicken-noodle-soup-recipe/,https://schnellrezept.com/en/chicken-noodle-soup-recipe/
/en/garlic-bread-recipe/,https://schnellrezept.com/en/garlic-bread-recipe/
/en/sushi-recipe/,https://schnellrezept.com/en/sushi-recipe/
/en/chicken-bacon-ranch-casserole-recipe/,https://schnellrezept.com/en/chicken-bacon-ranch-casserole-recipe/
/en/alfredo-sauce-recipe/,https://schnellrezept.com/en/alfredo-sauce-recipe/
/en/peach-cake-recipe/,https://schnellrezept.com/en/peach-cake-recipe/
/en/cream-cheese-frosting-recipe/,https://schnellrezept.com/en/cream-cheese-frosting-recipe/
/en/sourdough-cinnamon-rolls-recipe/,https://schnellrezept.com/en/sourdough-cinnamon-rolls-recipe/
/en/honey-garlic-chicken-drumsticks-recipe/,https://schnellrezept.com/en/honey-garlic-chicken-drumsticks-recipe/
/en/banana-milkshake-recipe/,https://schnellrezept.com/en/banana-milkshake-recipe/
/en/air-fryer-potato-wedges-recipe/,https://schnellrezept.com/en/air-fryer-potato-wedges-recipe/
/en/hash-browns-recipe/,https://schnellrezept.com/en/hash-browns-recipe/
/en/spanakopita-recipe/,https://schnellrezept.com/en/spanakopita-recipe/
/en/mashed-potatoes-recipe/,https://schnellrezept.com/en/mashed-potatoes-recipe/
/en/corn-casserole-recipe/,https://schnellrezept.com/en/corn-casserole-recipe/
/en/crockpot-chicken-and-rice-recipe/,https://schnellrezept.com/en/crockpot-chicken-and-rice-recipe/
/en/lemon-balm-recipe/,https://schnellrezept.com/en/lemon-balm-recipe/
/en/cream-cheese-dip-recipe/,https://schnellrezept.com/en/cream-cheese-dip-recipe/
/en/baba-ghanoush-recipe/,https://schnellrezept.com/en/baba-ghanoush-recipe/
/en/roasted-butternut-squash-recipe/,https://schnellrezept.com/en/roasted-butternut-squash-recipe/
/en/italian-stuffed-peppers-recipe/,https://schnellrezept.com/en/italian-stuffed-peppers-recipe/
/en/hamburger-soup-recipe/,https://schnellrezept.com/en/hamburger-soup-recipe/
/en/spinach-artichoke-dip-recipe/,https://schnellrezept.com/en/spinach-artichoke-dip-recipe/
/en/stuffed-peppers-with-rice-recipe/,https://schnellrezept.com/en/stuffed-peppers-with-rice-recipe/
/en/crockpot-lasagna-recipe/,https://schnellrezept.com/en/crockpot-lasagna-recipe/
/en/chicken-and-rice-casserole-recipe/,https://schnellrezept.com/en/chicken-and-rice-casserole-recipe/
/en/homemade-teriyaki-sauce-recipe/,https://schnellrezept.com/en/homemade-teriyaki-sauce-recipe/
/en/air-fryer-meatloaf-recipe/,https://schnellrezept.com/en/air-fryer-meatloaf-recipe/
/en/ratatouille-recipe/,https://schnellrezept.com/en/ratatouille-recipe/
/en/gluten-free-cinnamon-rolls-recipe/,https://schnellrezept.com/en/gluten-free-cinnamon-rolls-recipe/
/en/rice-pudding-recipe/,https://schnellrezept.com/en/rice-pudding-recipe/
/en/air-fryer-donuts-recipe/,https://schnellrezept.com/en/air-fryer-donuts-recipe/
/en/chocolate-chip-banana-bread-recipe/,https://schnellrezept.com/en/chocolate-chip-banana-bread-recipe/
/en/chicken-piccata-recipe/,https://schnellrezept.com/en/chicken-piccata-recipe/
/en/cauliflower-rice-recipe/,https://schnellrezept.com/en/cauliflower-rice-recipe/
/en/air-fryer-potato-chips-recipe/,https://schnellrezept.com/en/air-fryer-potato-chips-recipe/
/en/sourdough-challah-recipe/,https://schnellrezept.com/en/sourdough-challah-recipe/
/en/chicken-enchiladas-recipe/,https://schnellrezept.com/en/chicken-enchiladas-recipe/
/en/breakfast-biscuit-casserole-recipe/,https://schnellrezept.com/en/breakfast-biscuit-casserole-recipe/
/en/watermelon-feta-salad-recipe/,https://schnellrezept.com/en/watermelon-feta-salad-recipe/
/en/peach-jam-recipe/,https://schnellrezept.com/en/peach-jam-recipe/
/en/fruit-tart-recipe/,https://schnellrezept.com/en/fruit-tart-recipe/
/en/apricot-cake-recipes/,https://schnellrezept.com/en/apricot-cake-recipes/
/en/pulled-pork-sandwiches-recipe/,https://schnellrezept.com/en/pulled-pork-sandwiches-recipe/
/en/honey-mustard-chicken-recipe/,https://schnellrezept.com/en/honey-mustard-chicken-recipe/
/en/beef-stroganoff-with-ground-beef-recipe/,https://schnellrezept.com/en/beef-stroganoff-with-ground-beef-recipe/
/en/chicken-and-dumplings-recipe/,https://schnellrezept.com/en/chicken-and-dumplings-recipe/
/en/garlic-parmesan-wings-recipe/,https://schnellrezept.com/en/garlic-parmesan-wings-recipe/
/en/baked-garlic-parmesan-chicken-recipe/,https://schnellrezept.com/en/baked-garlic-parmesan-chicken-recipe/
/en/tater-tot-casserole-with-ground-beef-recipe/,https://schnellrezept.com/en/tater-tot-casserole-with-ground-beef-recipe/
/en/lasagna-soup-recipe/,https://schnellrezept.com/en/lasagna-soup-recipe/
/en/chicken-tortellini-soup/,https://schnellrezept.com/en/chicken-tortellini-soup/
/en/vegetarian-chili-recipe/,https://schnellrezept.com/en/vegetarian-chili-recipe/
/en/baked-chicken-thighs-recipe/,https://schnellrezept.com/en/baked-chicken-thighs-recipe/
/en/italian-wedding-soup/,https://schnellrezept.com/en/italian-wedding-soup/
/en/lobster-mac-cheese-recipe/,https://schnellrezept.com/en/lobster-mac-cheese-recipe/
/en/chicken-milanese-recipe/,https://schnellrezept.com/en/chicken-milanese-recipe/
/en/jambalaya-recipe/,https://schnellrezept.com/en/jambalaya-recipe/
/en/crockpot-crack-chicken-recipe/,https://schnellrezept.com/en/crockpot-crack-chicken-recipe/
/en/baby-back-ribs-in-crock-pot-recipe/,https://schnellrezept.com/en/baby-back-ribs-in-crock-pot-recipe/
/en/beef-short-rib-recipe/,https://schnellrezept.com/en/beef-short-rib-recipe/
/en/sourdough-cardamom-buns-recipe/,https://schnellrezept.com/en/sourdough-cardamom-buns-recipe/
/en/sopapillas-recipe/,https://schnellrezept.com/en/sopapillas-recipe/
/en/slow-cooker-pot-roast-recipe/,https://schnellrezept.com/en/slow-cooker-pot-roast-recipe/
/en/chocolate-cake-recipe/,https://schnellrezept.com/en/chocolate-cake-recipe/
/en/peking-duck-recipe/,https://schnellrezept.com/en/peking-duck-recipe/
/en/shrimp-and-bacon-corn-chowder/,https://schnellrezept.com/en/shrimp-and-bacon-corn-chowder/
/en/apple-pie-recipe/,https://schnellrezept.com/en/apple-pie-recipe/
/en/sweat-and-sour-meatballs/,https://schnellrezept.com/en/sweat-and-sour-meatballs/
/en/stuffed-pepper-casserole/,https://schnellrezept.com/en/stuffed-pepper-casserole/
/en/chicken-biryani-recipe/,https://schnellrezept.com/en/chicken-biryani-recipe/
/en/thai-drunken-noodles-recipe/,https://schnellrezept.com/en/thai-drunken-noodles-recipe/
/en/pumpkin-pie-recipe/,https://schnellrezept.com/en/pumpkin-pie-recipe/
/en/baby-back-ribs-in-oven-recipe/,https://schnellrezept.com/en/baby-back-ribs-in-oven-recipe/
/en/aloo-gobi-recipe/,https://schnellrezept.com/en/aloo-gobi-recipe/
/en/crispy-smashed-potatoes-recipe/,https://schnellrezept.com/en/crispy-smashed-potatoes-recipe/
/en/buffalo-wings-recipe/,https://schnellrezept.com/en/buffalo-wings-recipe/
/en/panera-chipotle-chicken-avocado-melt-recipe/,https://schnellrezept.com/en/panera-chipotle-chicken-avocado-melt-recipe/
/en/naked-cake-recipe/,https://schnellrezept.com/en/naked-cake-recipe/
/en/apple-salad-recipe/,https://schnellrezept.com/en/apple-salad-recipe/
/en/balsamic-glaze-recipe/,https://schnellrezept.com/en/balsamic-glaze-recipe/
/en/homemade-ice-cream-recipe/,https://schnellrezept.com/en/homemade-ice-cream-recipe/
/en/lentil-soup-recipe/,https://schnellrezept.com/en/lentil-soup-recipe/
/en/chicken-stew/,https://schnellrezept.com/en/chicken-stew/
/en/fried-pickles-recipe/,https://schnellrezept.com/en/fried-pickles-recipe/
/en/greek-salad-recipe/,https://schnellrezept.com/en/greek-salad-recipe/
/en/blackberry-cobbler-recipe/,https://schnellrezept.com/en/blackberry-cobbler-recipe/
/en/chicken-skewers-grilled-recipe/,https://schnellrezept.com/en/chicken-skewers-grilled-recipe/
/en/breakfast-tacos-recipe/,https://schnellrezept.com/en/breakfast-tacos-recipe/
/en/sticky-baked-chicken-thighs/,https://schnellrezept.com/en/sticky-baked-chicken-thighs/
/en/chicken-cabbage-stir-fry/,https://schnellrezept.com/en/chicken-cabbage-stir-fry/
/en/shrimp-fried-rice/,https://schnellrezept.com/en/shrimp-fried-rice/
/en/penne-alla-vodka/,https://schnellrezept.com/en/penne-alla-vodka/
/en/apple-crisp-with-canned-apple-filling-recipe/,https://schnellrezept.com/en/apple-crisp-with-canned-apple-filling-recipe/
/en/air-fryer-chicken-tenders-recipe/,https://schnellrezept.com/en/air-fryer-chicken-tenders-recipe/
/en/prime-rib-roast-recipe/,https://schnellrezept.com/en/prime-rib-roast-recipe/
/en/chinese-chicken-salad-recipe/,https://schnellrezept.com/en/chinese-chicken-salad-recipe/
/en/general-tsos-chicken-recipe/,https://schnellrezept.com/en/general-tsos-chicken-recipe/
/en/cauliflower-pizza-crust/,https://schnellrezept.com/en/cauliflower-pizza-crust/
/en/mushroom-pasta-recipe/,https://schnellrezept.com/en/mushroom-pasta-recipe/
/en/homemade-spaghetti-sauce-recipe/,https://schnellrezept.com/en/homemade-spaghetti-sauce-recipe/
/en/jalapeno-recipe/,https://schnellrezept.com/en/jalapeno-recipe/
/en/chicken-pot-pie-with-puff-pastry-recipe/,https://schnellrezept.com/en/chicken-pot-pie-with-puff-pastry-recipe/
/en/banana-nut-bread-recipe/,https://schnellrezept.com/en/banana-nut-bread-recipe/
/en/bacon-and-mushroom-pasta/,https://schnellrezept.com/en/bacon-and-mushroom-pasta/
/en/mushroom-wine-sauce/,https://schnellrezept.com/en/mushroom-wine-sauce/
/en/dirty-rice-recipe/,https://schnellrezept.com/en/dirty-rice-recipe/
/en/chop-suey-recipe/,https://schnellrezept.com/en/chop-suey-recipe/
/en/spaghetti-squash-casserole-recipe/,https://schnellrezept.com/en/spaghetti-squash-casserole-recipe/
/en/air-fryer-onion-rings-recipe/,https://schnellrezept.com/en/air-fryer-onion-rings-recipe/
/en/chocolate-chip-muffins-recipe/,https://schnellrezept.com/en/chocolate-chip-muffins-recipe/
/en/lemon-chicken-and-rice/,https://schnellrezept.com/en/lemon-chicken-and-rice/
/en/philly-cheesesteak-recipe/,https://schnellrezept.com/en/philly-cheesesteak-recipe/
/en/baked-ziti-with-ground-beef-and-ricotta-recipe/,https://schnellrezept.com/en/baked-ziti-with-ground-beef-and-ricotta-recipe/
/en/shrimp-and-bacon-pasta/,https://schnellrezept.com/en/shrimp-and-bacon-pasta/
/en/overnight-dinner-rolls-recipe/,https://schnellrezept.com/en/overnight-dinner-rolls-recipe/
/en/salmon-patties/,https://schnellrezept.com/en/salmon-patties/
/en/rotel-dip/,https://schnellrezept.com/en/rotel-dip/
/en/chicken-cordon-bleu-recipe/,https://schnellrezept.com/en/chicken-cordon-bleu-recipe/
/en/zucchini-lasagna-recipe/,https://schnellrezept.com/en/zucchini-lasagna-recipe/
/en/stuffed-chicken-breast/,https://schnellrezept.com/en/stuffed-chicken-breast/
/en/porcupine-meatballs/,https://schnellrezept.com/en/porcupine-meatballs/
/en/hamburger-helper/,https://schnellrezept.com/en/hamburger-helper/
/en/shrimp-ceviche/,https://schnellrezept.com/en/shrimp-ceviche/
/en/air-fryer-pork-chops/,https://schnellrezept.com/en/air-fryer-pork-chops/
/en/texas-sheet-cake/,https://schnellrezept.com/en/texas-sheet-cake/
/en/ham-and-cheese-sliders/,https://schnellrezept.com/en/ham-and-cheese-sliders/
/en/chicken-spinach-pasta/,https://schnellrezept.com/en/chicken-spinach-pasta/
/en/strawberry-chia-seed-pudding/,https://schnellrezept.com/en/strawberry-chia-seed-pudding/
/en/mushroom-and-spinach-gnocchi/,https://schnellrezept.com/en/mushroom-and-spinach-gnocchi/
/en/ricotta-pasta/,https://schnellrezept.com/en/ricotta-pasta/
/en/chicken-quesadillas/,https://schnellrezept.com/en/chicken-quesadillas/
/en/swedish-meatball-recipe/,https://schnellrezept.com/en/swedish-meatball-recipe/
/en/potato-leek-soup/,https://schnellrezept.com/en/potato-leek-soup/
/en/lemon-bars/,https://schnellrezept.com/en/lemon-bars/
/en/black-bean-soup/,https://schnellrezept.com/en/black-bean-soup/
/en/pot-pie-recipe/,https://schnellrezept.com/en/pot-pie-recipe/
/en/gnocchi-with-tomato-sauce/,https://schnellrezept.com/en/gnocchi-with-tomato-sauce/
/en/cowboy-casserole/,https://schnellrezept.com/en/cowboy-casserole/
/en/cauliflower-wings/,https://schnellrezept.com/en/cauliflower-wings/
/en/vietnamese-chicken-salad/,https://schnellrezept.com/en/vietnamese-chicken-salad/
/en/vegetable-beef-soup/,https://schnellrezept.com/en/vegetable-beef-soup/
/en/stuffed-poblano-peppers/,https://schnellrezept.com/en/stuffed-poblano-peppers/
/en/instant-pot-honey-mustard-chicken/,https://schnellrezept.com/en/instant-pot-honey-mustard-chicken/
/en/honey-garlic-salmon/,https://schnellrezept.com/en/honey-garlic-salmon/
/en/lemon-cupcakes/,https://schnellrezept.com/en/lemon-cupcakes/
/en/corn-chicken-casserole/,https://schnellrezept.com/en/corn-chicken-casserole/
/en/spicy-peanut-noodles/,https://schnellrezept.com/en/spicy-peanut-noodles/
/en/italian-sausage-soup/,https://schnellrezept.com/en/italian-sausage-soup/
/en/slow-cooker-beef-and-broccoli/,https://schnellrezept.com/en/slow-cooker-beef-and-broccoli/
/en/beer-cheese-dip/,https://schnellrezept.com/en/beer-cheese-dip/
/en/stuffed-pepper-soup/,https://schnellrezept.com/en/stuffed-pepper-soup/
/en/parmesan-chicken-pasta/,https://schnellrezept.com/en/parmesan-chicken-pasta/
/en/italian-sausage-orzo/,https://schnellrezept.com/en/italian-sausage-orzo/
/en/black-bean-chili/,https://schnellrezept.com/en/black-bean-chili/
/en/chili-mac/,https://schnellrezept.com/en/chili-mac/
/en/hot-crab-dip/,https://schnellrezept.com/en/hot-crab-dip/
/en/date-brownies/,https://schnellrezept.com/en/date-brownies/
/en/pizza-dough-recipe-easy/,https://schnellrezept.com/en/pizza-dough-recipe-easy/
/en/chicken-stroganoff/,https://schnellrezept.com/en/chicken-stroganoff/
/en/chocolate-waffles/,https://schnellrezept.com/en/chocolate-waffles/
/en/30-minute-lemon-orzo-salad-with-feta/,https://schnellrezept.com/en/30-minute-lemon-orzo-salad-with-feta/
/en/steak-with-peppercorn-sauce/,https://schnellrezept.com/en/steak-with-peppercorn-sauce/
/en/sweet-chili-sauce/,https://schnellrezept.com/en/sweet-chili-sauce/
/en/bang-bang-chicken-fried-rice/,https://schnellrezept.com/en/bang-bang-chicken-fried-rice/
/en/easy-pasta-sauce/,https://schnellrezept.com/en/easy-pasta-sauce/
/en/maple-glazed-oven-roasted-cornish-hen/,https://schnellrezept.com/en/maple-glazed-oven-roasted-cornish-hen/
/en/pumpkin-curry/,https://schnellrezept.com/en/pumpkin-curry/
/en/white-chicken-chili/,https://schnellrezept.com/en/white-chicken-chili/
/en/christmas-sugar-cookies-with-royal-icing/,https://schnellrezept.com/en/christmas-sugar-cookies-with-royal-icing/
/en/cornbread/,https://schnellrezept.com/en/cornbread/
/en/half-baked-harvest/,https://schnellrezept.com/en/half-baked-harvest/
/en/pumpkin-spice-bread-pudding/,https://schnellrezept.com/en/pumpkin-spice-bread-pudding/
/en/italian-chicken-pasta-salad/,https://schnellrezept.com/en/italian-chicken-pasta-salad/
/en/cabbage-kimchi/,https://schnellrezept.com/en/cabbage-kimchi/
/en/tuna-casserole-au-gratin/,https://schnellrezept.com/en/tuna-casserole-au-gratin/
/en/maple-pecan-pumpkin-scones/,https://schnellrezept.com/en/maple-pecan-pumpkin-scones/
/en/black-forest-trifle/,https://schnellrezept.com/en/black-forest-trifle/
/en/pumpkin-pecan-cobbler/,https://schnellrezept.com/en/pumpkin-pecan-cobbler/
/en/gluten-free-focaccia/,https://schnellrezept.com/en/gluten-free-focaccia/
/en/breakfast-grilled-cheese-sandwich/,https://schnellrezept.com/en/breakfast-grilled-cheese-sandwich/
/en/garlic-mashed-potatoes/,https://schnellrezept.com/en/garlic-mashed-potatoes/
/en/mediterranean-lentil-salad/,https://schnellrezept.com/en/mediterranean-lentil-salad/
/en/blueberry-grilled-cheese/,https://schnellrezept.com/en/blueberry-grilled-cheese/
/en/michelada-recipe/,https://schnellrezept.com/en/michelada-recipe/
/en/spinach-pasta-salad-with-feta-and-cranberries/,https://schnellrezept.com/en/spinach-pasta-salad-with-feta-and-cranberries/
/en/no-bake-pumpkin-cheesecake-bars/,https://schnellrezept.com/en/no-bake-pumpkin-cheesecake-bars/
/en/speculoos-cookies-christmas-recipe/,https://schnellrezept.com/en/speculoos-cookies-christmas-recipe/
/en/matcha-brownies/,https://schnellrezept.com/en/matcha-brownies/
/en/pesto-focaccia/,https://schnellrezept.com/en/pesto-focaccia/
/en/spaghetti/,https://schnellrezept.com/en/spaghetti/
/en/fried-chicken-fillet/,https://schnellrezept.com/en/fried-chicken-fillet/
/en/garlic-soup/,https://schnellrezept.com/en/garlic-soup/
/en/pumpkin-coffee-cake/,https://schnellrezept.com/en/pumpkin-coffee-cake/
/en/marry-me-chicken-soup-with-egg-noodles/,https://schnellrezept.com/en/marry-me-chicken-soup-with-egg-noodles/
/en/tomato-soup-with-cheddar-bay-dumplings/,https://schnellrezept.com/en/tomato-soup-with-cheddar-bay-dumplings/
/en/smoked-peach-maple-bourbon-smash/,https://schnellrezept.com/en/smoked-peach-maple-bourbon-smash/
/en/greek-yogurt-pumpkin-bread/,https://schnellrezept.com/en/greek-yogurt-pumpkin-bread/
/en/lotus-biscoff-brownies/,https://schnellrezept.com/en/lotus-biscoff-brownies/
